YearWeekISO,ReportingCountry,FirstDose,SecondDose,Population
2021-01-04,AT,63288,0,8901064
2021-01-04,BE,81152,0,11522440
2021-01-04,BG,39491,0,6951482
2021-01-04,CY,7700,0,888005
2021-01-04,CZ,140778,13,10693939
2021-01-04,DE,1307131,3500,83166711
2021-01-04,DK,286271,8,5822763
2021-01-04,EE,21490,458,1328976
2021-01-04,EL,177663,104,10718565
2021-01-04,ES,1249198,0,47332614
2021-01-04,FI,126464,0,5525292
2021-01-04,FR,428410,0,67320216
2021-01-04,HR,71157,138,4058165
2021-01-04,HU,208943,0,9769526
2021-01-04,IE,155041,60,4964440
2021-01-04,IS,14834,0,364134
2021-01-04,IT,1983809,141,59641488
2021-01-04,LT,63435,0,2794090
2021-01-04,LU,3930,0,626108
2021-01-04,LV,19282,4,1907675
2021-01-04,MT,11162,26,514564
2021-01-04,NL,33759,0,17407585
2021-01-04,NO,48285,71,5367580
2021-01-04,PL,1104906,120,37958138
2021-01-04,PT,240732,419,10295909
2021-01-04,SE,152169,0,10327589
2021-01-04,SI,61148,4,2095861
2021-01-04,SK,60310,0,5457873
2021-01-11,AT,170424,810,8901064
2021-01-11,BE,284675,97,11522440
2021-01-11,BG,14434,308,6951482
2021-01-11,CY,9824,966,888005
2021-01-11,CZ,196963,1878,10693939
2021-01-11,DE,1043410,39439,83166711
2021-01-11,DK,124636,1909,5822763
2021-01-11,EE,14395,861,1328976
2021-01-11,EL,141264,99,10718565
2021-01-11,ES,1504803,6096,47332614
2021-01-11,FI,242252,18,5525292
2021-01-11,FR,1399124,496,67320216
2021-01-11,HR,43659,913,4058165
2021-01-11,HU,151663,2088,9769526
2021-01-11,IE,143041,48,4964440
2021-01-11,IS,3312,0,364134
2021-01-11,IT,1617484,9465,59641488
2021-01-11,LT,83232,2967,2794090
2021-01-11,LU,4683,0,626108
2021-01-11,LV,23901,16,1907675
2021-01-11,MT,16370,150,514564
2021-01-11,NL,43204,0,17407585
2021-01-11,NO,68607,117,5367580
2021-01-11,PL,1344832,3544,37958138
2021-01-11,PT,151419,3749,10295909
2021-01-11,SE,236349,171,10327589
2021-01-11,SI,39952,436,2095861
2021-01-11,SK,66621,0,5457873
2021-01-18,AT,187078,9254,8901064
2021-01-18,BE,337656,2672,11522440
2021-01-18,BG,9302,13394,6951482
2021-01-18,CY,10167,6894,888005
2021-01-18,CZ,187559,33856,10693939
2021-01-18,DE,859198,496744,83166711
2021-01-18,DK,26651,72291,5822763
2021-01-18,EE,12736,6961,1328976
2021-01-18,EL,248502,12623,10718565
2021-01-18,ES,746620,260703,47332614
2021-01-18,FI,316338,29674,5525292
2021-01-18,FR,2722894,3204,67320216
2021-01-18,HR,30076,25944,4058165
2021-01-18,HU,64915,32104,9769526
2021-01-18,IE,133151,11039,4964440
2021-01-18,IS,11559,14384,364134
2021-01-18,IT,404479,326280,59641488
2021-01-18,LT,24348,23760,2794090
2021-01-18,LU,5158,2577,626108
2021-01-18,LV,2439,6069,1907675
2021-01-18,MT,15847,4269,514564
2021-01-18,NL,89355,0,17407585
2021-01-18,NO,67393,4209,5367580
2021-01-18,PL,865866,258968,37958138
2021-01-18,PT,369054,98293,10295909
2021-01-18,SE,306137,35066,10327589
2021-01-18,SI,10050,21747,2095861
2021-01-18,SK,70162,5702,5457873
2021-01-25,AT,63422,35204,8901064
2021-01-25,BE,179205,73718,11522440
2021-01-25,BG,18451,24736,6951482
2021-01-25,CY,9141,7366,888005
2021-01-25,CZ,105762,80381,10693939
2021-01-25,DE,621720,666467,83166711
2021-01-25,DK,11146,158269,5822763
2021-01-25,EE,13802,20713,1328976
2021-01-25,EL,242673,142496,10718565
2021-01-25,ES,252082,859003,47332614
2021-01-25,FI,246084,87874,5525292
2021-01-25,FR,2143938,189372,67320216
2021-01-25,HR,4176,36945,4058165
2021-01-25,HU,246786,170041,9769526
2021-01-25,IE,20569,136847,4964440
2021-01-25,IS,650,99,364134
2021-01-25,IT,95798,1587519,59641488
2021-01-25,LT,39075,38097,2794090
2021-01-25,LU,8350,1282,626108
2021-01-25,LV,583,12404,1907675
2021-01-25,MT,11525,8182,514564
2021-01-25,NL,182554,2430,17407585
2021-01-25,NO,65227,39931,5367580
2021-01-25,PL,1350762,804956,37958138
2021-01-25,PT,127787,137972,10295909
2021-01-25,RO,1442507,318189,19328838
2021-01-25,SE,187588,81806,10327589
2021-01-25,SI,3466,43779,2095861
2021-01-25,SK,80187,14064,5457873
2021-02-01,AT,37306,159292,8901064
2021-02-01,BE,120110,273481,11522440
2021-02-01,BG,28372,12795,6951482
2021-02-01,CY,7127,9587,888005
2021-02-01,CZ,57977,157965,10693939
2021-02-01,DE,787124,904057,83166711
2021-02-01,DK,21722,124293,5822763
2021-02-01,EE,18743,17966,1328976
2021-02-01,EL,265934,158783,10718565
2021-02-01,ES,208480,1325567,47332614
2021-02-01,FI,133786,199922,5525292
2021-02-01,FR,1502584,812088,67320216
2021-02-01,HR,5842,37001,4058165
2021-02-01,HU,100386,143759,9769526
2021-02-01,IE,25655,130528,4964440
2021-02-01,IS,4939,110,364134
2021-02-01,IT,224764,1596951,59641488
2021-02-01,LT,20442,71772,2794090
2021-02-01,LU,6782,4578,626108
2021-02-01,LV,1935,20691,1907675
2021-02-01,MT,14204,15142,514564
2021-02-01,NL,195920,24008,17407585
2021-02-01,NO,148085,65523,5367580
2021-02-01,PL,996300,1257442,37958138
2021-02-01,PT,74046,113254,10295909
2021-02-01,RO,147105,276857,19328838
2021-02-01,SE,124484,172799,10327589
2021-02-01,SI,2682,39966,2095861
2021-02-01,SK,91864,45391,5457873
2021-02-08,AT,57728,177180,8901064
2021-02-08,BE,87063,314189,11522440
2021-02-08,BG,32383,9062,6951482
2021-02-08,CY,13749,9559,888005
2021-02-08,CZ,73636,182633,10693939
2021-02-08,DE,896970,850051,83166711
2021-02-08,DK,96838,69277,5822763
2021-02-08,EE,23546,12484,1328976
2021-02-08,EL,168246,241534,10718565
2021-02-08,ES,531388,849735,47332614
2021-02-08,FI,235848,99924,5525292
2021-02-08,FR,1506798,1577586,67320216
2021-02-08,HR,29751,36269,4058165
2021-02-08,HU,120019,72209,9769526
2021-02-08,IE,81196,11983,4964440
2021-02-08,IS,3740,2224,364134
2021-02-08,IT,880386,424394,59641488
2021-02-08,LI,40,632,38747
2021-02-08,LT,61170,23928,2794090
2021-02-08,LU,6734,3641,626108
2021-02-08,LV,8319,4839,1907675
2021-02-08,MT,13506,12440,514564
2021-02-08,NL,145722,71114,17407585
2021-02-08,NO,125512,63365,5367580
2021-02-08,PL,1129324,895024,37958138
2021-02-08,PT,124426,299729,10295909
2021-02-08,RO,62928,507707,19328838
2021-02-08,SE,133576,210531,10327589
2021-02-08,SI,35212,10445,2095861
2021-02-08,SK,101297,62874,5457873
2021-02-15,AT,127388,79648,8901064
2021-02-15,BE,127687,183681,11522440
2021-02-15,BG,78251,16655,6951482
2021-02-15,CY,19712,9099,888005
2021-02-15,CZ,121871,109863,10693939
2021-02-15,DE,1145107,684878,83166711
2021-02-15,DK,190154,18015,5822763
2021-02-15,EE,34641,11066,1328976
2021-02-15,EL,303669,240148,10718565
2021-02-15,ES,1023132,336029,47332614
2021-02-15,FI,466170,38648,5525292
2021-02-15,FR,1178720,2092984,67320216
2021-02-15,HR,76669,11997,4058165
2021-02-15,HU,205054,234524,9769526
2021-02-15,IE,107553,126173,4964440
2021-02-15,IS,9049,12999,364134
2021-02-15,IT,1414412,124013,59641488
2021-02-15,LI,1066,320,38747
2021-02-15,LT,69777,38811,2794090
2021-02-15,LU,12352,3647,626108
2021-02-15,LV,20412,1408,1907675
2021-02-15,MT,23130,11197,514564
2021-02-15,NL,183146,66662,17407585
2021-02-15,NO,138039,66280,5367580
2021-02-15,PL,1251046,1229432,37958138
2021-02-15,PT,312805,152110,10295909
2021-02-15,RO,244470,311370,19328838
2021-02-15,SE,202651,248369,10327589
2021-02-15,SI,46130,4958,2095861
2021-02-15,SK,79095,65624,5457873
2021-02-22,AT,213830,42858,8901064
2021-02-22,BE,228293,100123,11522440
2021-02-22,BG,167813,25981,6951482
2021-02-22,CY,33025,7630,888005
2021-02-22,CZ,177180,74696,10693939
2021-02-22,DE,1581867,738519,83166711
2021-02-22,DK,263738,23287,5822763
2021-02-22,EE,34902,18334,1328976
2021-02-22,EL,323045,263951,10718565
2021-02-22,ES,1578104,174209,47332614
2021-02-22,FI,563310,49532,5525292
2021-02-22,FR,1690656,1705306,67320216
2021-02-22,HR,124332,5074,4058165
2021-02-22,HU,524562,76905,9769526
2021-02-22,IE,193072,27111,4964440
2021-02-22,IS,9976,4914,364134
2021-02-22,IT,2221194,195630,59641488
2021-02-22,LI,832,618,38747
2021-02-22,LT,130347,16590,2794090
2021-02-22,LU,6934,6236,626108
2021-02-22,LV,35309,636,1907675
2021-02-22,MT,37678,14030,514564
2021-02-22,NL,231441,113181,17407585
2021-02-22,NO,107806,139339,5367580
2021-02-22,PL,1467506,1062036,37958138
2021-02-22,PT,533908,63149,10295909
2021-02-22,RO,234106,86923,19328838
2021-02-22,SE,295004,160938,10327589
2021-02-22,SI,54509,2266,2095861
2021-02-22,SK,76651,76834,5457873
2021-03-01,AT,309442,30464,8901064
2021-03-01,BE,347554,87955,11522440
2021-03-01,BG,128817,28451,6951482
2021-03-01,CY,29880,12394,888005
2021-03-01,CZ,354844,55451,10693939
2021-03-01,DE,2308068,771856,83166711
2021-03-01,DK,268661,40248,5822763
2021-03-01,EE,47967,22137,1328976
2021-03-01,EL,465344,166154,10718565
2021-03-01,ES,1686247,369457,47332614
2021-03-01,FI,661516,19092,5525292
2021-03-01,FR,3903308,1357856,67320216
2021-03-01,HR,108814,9605,4058165
2021-03-01,HU,650513,97355,9769526
2021-03-01,IE,183824,23252,4964440
2021-03-01,IS,19497,113,364134
2021-03-01,IT,2721131,766423,59641488
2021-03-01,LI,1084,88,38747
2021-03-01,LT,138171,39123,2794090
2021-03-01,LU,10782,7105,626108
2021-03-01,LV,38733,2624,1907675
2021-03-01,MT,41407,12190,514564
2021-03-01,NL,209646,84440,17407585
2021-03-01,NO,162258,104847,5367580
2021-03-01,PL,1591632,1000596,37958138
2021-03-01,PT,421918,102209,10295909
2021-03-01,RO,537385,73755,19328838
2021-03-01,SE,446545,109729,10327589
2021-03-01,SI,44957,23561,2095861
2021-03-01,SK,102388,93133,5457873
2021-03-08,AT,456936,61948,8901064
2021-03-08,BE,334659,121398,11522440
2021-03-08,BG,85426,18359,6951482
2021-03-08,CY,41427,8268,888005
2021-03-08,CZ,465449,89296,10693939
2021-03-08,DE,2823649,784724,83166711
2021-03-08,DK,111522,109903,5822763
2021-03-08,EE,72228,19611,1328976
2021-03-08,EL,465609,130832,10718565
2021-03-08,ES,1329291,785777,47332614
2021-03-08,FI,735486,4954,5525292
2021-03-08,FR,5157556,1197896,67320216
2021-03-08,HR,107814,25534,4058165
2021-03-08,HU,693897,182054,9769526
2021-03-08,IE,180992,34033,4964440
2021-03-08,IS,11336,429,364134
2021-03-08,IT,2820850,1057198,59641488
2021-03-08,LI,1316,42,38747
2021-03-08,LT,131358,40791,2794090
2021-03-08,LU,21709,2802,626108
2021-03-08,LV,30815,346,1907675
2021-03-08,MT,45333,12453,514564
2021-03-08,NL,197476,87735,17407585
2021-03-08,NO,127023,102696,5367580
2021-03-08,PL,1514894,709142,37958138
2021-03-08,PT,294317,157537,10295909
2021-03-08,RO,560128,125701,19328838
2021-03-08,SE,536792,112043,10327589
2021-03-08,SI,61935,41337,2095861
2021-03-08,SK,136729,75168,5457873
2021-03-15,AT,382704,95960,8901064
2021-03-15,BE,496860,139447,11522440
2021-03-15,BG,37131,26928,6951482
2021-03-15,CY,7127,8761,888005
2021-03-15,CZ,422064,137606,10693939
2021-03-15,DE,1993594,921525,83166711
2021-03-15,DK,102495,114617,5822763
2021-03-15,EE,57761,11100,1328976
2021-03-15,EL,307069,164037,10718565
2021-03-15,ES,539304,1007602,47332614
2021-03-15,FI,753304,7262,5525292
2021-03-15,FR,4254684,828128,67320216
2021-03-15,HR,107087,31991,4058165
2021-03-15,HU,508652,163249,9769526
2021-03-15,IE,95852,46830,4964440
2021-03-15,IS,7748,5356,364134
2021-03-15,IT,1896052,1463414,59641488
2021-03-15,LI,172,1098,38747
2021-03-15,LT,64650,77331,2794090
2021-03-15,LU,25701,6219,626108
2021-03-15,LV,9593,1877,1907675
2021-03-15,MT,40504,14218,514564
2021-03-15,NL,86878,127562,17407585
2021-03-15,NO,120472,13324,5367580
2021-03-15,PL,1286482,724112,37958138
2021-03-15,PT,251744,332684,10295909
2021-03-15,RO,609906,130690,19328838
2021-03-15,SE,349998,159294,10327589
2021-03-15,SI,21212,38834,2095861
2021-03-15,SK,214763,49798,5457873
2021-03-22,AT,312154,187104,8901064
2021-03-22,BE,514908,164910,11522440
2021-03-22,BG,103751,34940,6951482
2021-03-22,CY,24601,7913,888005
2021-03-22,CZ,300748,192114,10693939
2021-03-22,DE,3107201,1073187,83166711
2021-03-22,DK,109605,102795,5822763
2021-03-22,EE,54009,9354,1328976
2021-03-22,EL,250247,276092,10718565
2021-03-22,ES,1583070,1012698,47332614
2021-03-22,FI,651082,5906,5525292
2021-03-22,FR,6523436,908220,67320216
2021-03-22,HR,109959,19503,4058165
2021-03-22,HU,670864,409478,9769526
2021-03-22,IE,194032,93577,4964440
2021-03-22,IS,16365,12241,364134
2021-03-22,IT,3333836,1476316,59641488
2021-03-22,LI,1490,812,38747
2021-03-22,LT,148009,78834,2794090
2021-03-22,LU,18723,5448,626108
2021-03-22,LV,43935,6334,1907675
2021-03-22,MT,45485,12063,514564
2021-03-22,NL,199411,98612,17407585
2021-03-22,NO,246198,19294,5367580
2021-03-22,PL,2675890,849884,37958138
2021-03-22,PT,779191,67936,10295909
2021-03-22,RO,390724,408344,19328838
2021-03-22,SE,380672,200821,10327589
2021-03-22,SI,91680,16286,2095861
2021-03-22,SK,227080,35478,5457873
2021-03-29,AT,287906,162806,8901064
2021-03-29,BE,566930,149867,11522440
2021-03-29,BG,111347,26472,6951482
2021-03-29,CY,16226,11698,888005
2021-03-29,CZ,220785,289378,10693939
2021-03-29,DE,2790442,1116095,83166711
2021-03-29,DK,170185,81960,5822763
2021-03-29,EE,64673,18637,1328976
2021-03-29,EL,355599,340507,10718565
2021-03-29,ES,2112334,543349,47332614
2021-03-29,FI,785208,8022,5525292
2021-03-29,FR,6134802,1825776,67320216
2021-03-29,HR,112073,27748,4058165
2021-03-29,HU,896968,440611,9769526
2021-03-29,IE,186077,106170,4964440
2021-03-29,IS,11244,8045,364134
2021-03-29,IT,3652383,1443465,59641488
2021-03-29,LI,990,1074,38747
2021-03-29,LT,194932,77577,2794090
2021-03-29,LU,30084,8327,626108
2021-03-29,LV,40113,6688,1907675
2021-03-29,MT,43687,15586,514564
2021-03-29,NL,341442,109543,17407585
2021-03-29,NO,192384,31159,5367580
2021-03-29,PL,2858234,329258,37958138
2021-03-29,PT,420207,257717,10295909
2021-03-29,RO,345973,456883,19328838
2021-03-29,SE,585204,200647,10327589
2021-03-29,SI,106615,12569,2095861
2021-03-29,SK,196265,14915,5457873
2021-04-05,AT,433548,277128,8901064
2021-04-05,BE,779955,124645,11522440
2021-04-05,BG,115149,27156,6951482
2021-04-05,CY,36935,10975,888005
2021-04-05,CZ,301290,310837,10693939
2021-04-05,DE,5417877,1107885,83166711
2021-04-05,DK,213634,86767,5822763
2021-04-05,EE,64935,13798,1328976
2021-04-05,EL,803951,231543,10718565
2021-04-05,ES,3576960,506309,47332614
2021-04-05,FI,992146,39116,5525292
2021-04-05,FR,6223956,2354216,67320216
2021-04-05,HR,111383,31272,4058165
2021-04-05,HU,1082444,601077,9769526
2021-04-05,IE,181096,87110,4964440
2021-04-05,IS,25207,7648,364134
2021-04-05,IT,4473644,1438905,59641488
2021-04-05,LI,502,1314,38747
2021-04-05,LT,288016,39033,2794090
2021-04-05,LU,29938,18924,626108
2021-04-05,LV,60239,3240,1907675
2021-04-05,MT,35472,23714,514564
2021-04-05,NL,514087,128998,17407585
2021-04-05,NO,349111,24902,5367580
2021-04-05,PL,4028346,129624,37958138
2021-04-05,PT,777032,164249,10295909
2021-04-05,RO,358453,440695,19328838
2021-04-05,SE,823203,305480,10327589
2021-04-05,SI,104441,5629,2095861
2021-04-05,SK,219592,51395,5457873
2021-04-12,AT,556162,196664,8901064
2021-04-12,BE,807030,189765,11522440
2021-04-12,BG,102250,32108,6951482
2021-04-12,CY,39231,11457,888005
2021-04-12,CZ,486204,306096,10693939
2021-04-12,DE,6433995,947413,83166711
2021-04-12,DK,379233,109138,5822763
2021-04-12,EE,57563,22863,1328976
2021-04-12,EL,873530,118797,10718565
2021-04-12,ES,3419971,630538,47332614
2021-04-12,FI,1223028,185178,5525292
2021-04-12,FR,7024850,3269978,67320216
2021-04-12,HR,158568,72756,4058165
2021-04-12,HU,726996,343727,9769526
2021-04-12,IE,223693,87228,4964440
2021-04-12,IS,22077,4474,364134
2021-04-12,IT,4994845,1632466,59641488
2021-04-12,LI,2790,168,38747
2021-04-12,LT,241314,60886,2794090
2021-04-12,LU,44071,23455,626108
2021-04-12,LV,66533,4482,1907675
2021-04-12,MT,35362,36620,514564
2021-04-12,NL,714996,91274,17407585
2021-04-12,NO,404580,10375,5367580
2021-04-12,PL,4072996,762838,37958138
2021-04-12,PT,1284515,167433,10295909
2021-04-12,RO,691012,392089,19328838
2021-04-12,SE,1221025,197034,10327589
2021-04-12,SI,68074,47707,2095861
2021-04-12,SK,193587,116362,5457873
2021-04-19,AT,587538,120722,8901064
2021-04-19,BE,802129,58947,11522440
2021-04-19,BG,100006,73303,6951482
2021-04-19,CY,57736,5019,888005
2021-04-19,CZ,559130,179286,10693939
2021-04-19,DE,6185750,885228,83166711
2021-04-19,DK,299777,146692,5822763
2021-04-19,EE,46661,30929,1328976
2021-04-19,EL,863243,147740,10718565
2021-04-19,ES,2766803,1045551,47332614
2021-04-19,FI,1140902,181728,5525292
2021-04-19,FR,6227294,3992812,67320216
2021-04-19,HR,146152,67250,4058165
2021-04-19,HU,668938,540005,9769526
2021-04-19,IE,294770,102310,4964440
2021-04-19,IS,22568,7583,364134
2021-04-19,IT,5237129,2186186,59641488
2021-04-19,LI,3798,1472,38747
2021-04-19,LT,198132,112419,2794090
2021-04-19,LU,24854,4753,626108
2021-04-19,LV,78640,23865,1907675
2021-04-19,MT,43156,34573,514564
2021-04-19,NL,534913,118206,17407585
2021-04-19,NO,321506,19444,5367580
2021-04-19,PL,4598756,1143706,37958138
2021-04-19,PT,640682,422437,10295909
2021-04-19,RO,830961,386345,19328838
2021-04-19,SE,1209687,114623,10327589
2021-04-19,SI,74829,59538,2095861
2021-04-19,SK,137719,165702,5457873
2021-04-26,AT,581028,138664,8901064
2021-04-26,BE,739787,175631,11522440
2021-04-26,BG,99344,106710,6951482
2021-04-26,CY,87496,18340,888005
2021-04-26,CZ,661260,124747,10693939
2021-04-26,DE,8001540,1410488,83166711
2021-04-26,DK,291318,188461,5822763
2021-04-26,EE,54920,53593,1328976
2021-04-26,EL,506422,390334,10718565
2021-04-26,ES,2754167,2142694,47332614
2021-04-26,FI,1169450,105328,5525292
2021-04-26,FR,7166296,3985430,67320216
2021-04-26,HR,172044,79720,4058165
2021-04-26,HU,924666,821688,9769526
2021-04-26,IE,329053,103430,4964440
2021-04-26,IS,58836,8160,364134
2021-04-26,IT,6075186,2879737,59641488
2021-04-26,LI,2148,982,38747
2021-04-26,LT,185110,179424,2794090
2021-04-26,LU,35514,6648,626108
2021-04-26,LV,92283,33287,1907675
2021-04-26,MT,47123,19740,514564
2021-04-26,NL,594158,92628,17407585
2021-04-26,NO,336134,128884,5367580
2021-04-26,PL,5095382,1615320,37958138
2021-04-26,PT,1049883,271155,10295909
2021-04-26,RO,626519,389322,19328838
2021-04-26,SE,1120220,81765,10327589
2021-04-26,SI,37038,82643,2095861
2021-04-26,SK,176769,160799,5457873
2021-05-03,AT,672790,236974,8901064
2021-05-03,BE,1004201,481516,11522440
2021-05-03,BG,75603,153795,6951482
2021-05-03,CY,101378,30578,888005
2021-05-03,CZ,852454,80096,10693939
2021-05-03,DE,7666439,2443252,83166711
2021-05-03,DK,280392,412575,5822763
2021-05-03,EE,66335,71431,1328976
2021-05-03,EL,855748,773803,10718565
2021-05-03,ES,3272181,2146483,47332614
2021-05-03,FI,1222646,233436,5525292
2021-05-03,FR,8137312,4905784,67320216
2021-05-03,HR,356131,124272,4058165
2021-05-03,HU,442277,836219,9769526
2021-05-03,IE,395077,117888,4964440
2021-05-03,IS,61617,29134,364134
2021-05-03,IT,6680733,3221806,59641488
2021-05-03,LI,2234,490,38747
2021-05-03,LT,265900,235872,2794090
2021-05-03,LU,52941,27675,626108
2021-05-03,LV,114598,56172,1907675
2021-05-03,MT,60806,17928,514564
2021-05-03,NL,569924,274031,17407585
2021-05-03,NO,216234,228485,5367580
2021-05-03,PL,5174960,2169512,37958138
2021-05-03,PT,1159931,628790,10295909
2021-05-03,RO,568728,772677,19328838
2021-05-03,SE,1027582,344708,10327589
2021-05-03,SI,117731,76730,2095861
2021-05-03,SK,240414,158399,5457873
2021-05-10,AT,643692,211730,8901064
2021-05-10,BE,645441,583912,11522440
2021-05-10,BG,112716,247983,6951482
2021-05-10,CY,116299,49712,888005
2021-05-10,CZ,913191,82452,10693939
2021-05-10,DE,6939465,3026245,83166711
2021-05-10,DK,320741,371609,5822763
2021-05-10,EE,54725,40789,1328976
2021-05-10,EL,982127,978318,10718565
2021-05-10,ES,3093041,1945753,47332614
2021-05-10,FI,977064,427964,5525292
2021-05-10,FR,10063584,4230864,67320216
2021-05-10,HR,360255,134695,4058165
2021-05-10,HU,581051,407611,9769526
2021-05-10,IE,444830,217145,4964440
2021-05-10,IS,14172,21408,364134
2021-05-10,IT,6744733,3448872,59641488
2021-05-10,LI,1222,2738,38747
2021-05-10,LT,259693,176091,2794090
2021-05-10,LU,48669,38194,626108
2021-05-10,LV,144330,81066,1907675
2021-05-10,MT,49236,48956,514564
2021-05-10,NL,691849,316474,17407585
2021-05-10,NO,184867,251656,5367580
2021-05-10,PL,5208652,3351000,37958138
2021-05-10,PT,930258,870930,10295909
2021-05-10,RO,597948,898272,19328838
2021-05-10,SE,835137,441151,10327589
2021-05-10,SI,142558,54405,2095861
2021-05-10,SK,306733,163166,5457873
2021-05-17,AT,727972,362168,8901064
2021-05-17,BE,926897,632985,11522440
2021-05-17,BG,116005,174476,6951482
2021-05-17,CY,65015,105527,888005
2021-05-17,CZ,852180,219976,10693939
2021-05-17,DE,5419472,4835991,83166711
2021-05-17,DK,423250,329423,5822763
2021-05-17,EE,71520,55045,1328976
2021-05-17,EL,1291880,585903,10718565
2021-05-17,ES,3005759,1738616,47332614
2021-05-17,FI,1074420,570040,5525292
2021-05-17,FR,11208480,3500712,67320216
2021-05-17,HR,299680,139141,4058165
2021-05-17,HU,730842,507734,9769526
2021-05-17,IE,482630,194081,4964440
2021-05-17,IS,31780,24972,364134
2021-05-17,IT,6191224,4177249,59641488
2021-05-17,LI,1776,3748,38747
2021-05-17,LT,204621,212217,2794090
2021-05-17,LU,42514,26977,626108
2021-05-17,LV,104182,111683,1907675
2021-05-17,MT,35566,69595,514564
2021-05-17,NL,509707,522951,17407585
2021-05-17,NO,61227,441112,5367580
2021-05-17,PL,4642412,3493856,37958138
2021-05-17,PT,997721,596088,10295909
2021-05-17,RO,405479,758571,19328838
2021-05-17,SE,761530,628213,10327589
2021-05-17,SI,146595,79995,2095861
2021-05-17,SK,329808,169126,5457873
2021-05-24,AT,514212,471108,8901064
2021-05-24,BE,507024,813343,11522440
2021-05-24,BG,83338,102947,6951482
2021-05-24,CY,47138,98071,888005
2021-05-24,CZ,690751,463838,10693939
2021-05-24,DE,4169315,5507319,83166711
2021-05-24,DK,522466,166921,5822763
2021-05-24,EE,63502,62841,1328976
2021-05-24,EL,1176321,600236,10718565
2021-05-24,ES,2632930,2032283,47332614
2021-05-24,FI,973228,656398,5525292
2021-05-24,FR,9414794,4277058,67320216
2021-05-24,HR,200985,182799,4058165
2021-05-24,HU,231602,1154926,9769526
2021-05-24,IE,366322,298636,4964440
2021-05-24,IS,14518,24855,364134
2021-05-24,IT,6092910,4548011,59641488
2021-05-24,LI,2310,2150,38747
2021-05-24,LT,225201,184180,2794090
2021-05-24,LU,13906,37140,626108
2021-05-24,LV,90127,144041,1907675
2021-05-24,MT,20564,69542,514564
2021-05-24,NL,491293,518991,17407585
2021-05-24,NO,63875,491210,5367580
2021-05-24,PL,3437936,4347242,37958138
2021-05-24,PT,853875,847316,10295909
2021-05-24,RO,4631010,4161948,19328838
2021-05-24,SE,589034,875741,10327589
2021-05-24,SI,67765,128416,2095861
2021-05-24,SK,300330,200359,5457873
2021-05-31,AT,623128,543434,8901064
2021-05-31,BE,1012684,834466,11522440
2021-05-31,BG,78638,144771,6951482
2021-05-31,CY,33511,73353,888005
2021-05-31,CZ,727610,596090,10693939
2021-05-31,DE,4015533,5935812,83166711
2021-05-31,DK,513914,231007,5822763
2021-05-31,EE,57272,62878,1328976
2021-05-31,EL,1151760,831489,10718565
2021-05-31,ES,3158900,2955364,47332614
2021-05-31,FI,1058304,727124,5525292
2021-05-31,FR,10236248,5942128,67320216
2021-05-31,HR,119816,159367,4058165
2021-05-31,HU,219175,725643,9769526
2021-05-31,IE,335646,250977,4964440
2021-05-31,IS,32516,17139,364134
2021-05-31,IT,8652835,2392910,59641488
2021-05-31,LI,3398,2184,38747
2021-05-31,LT,301827,266988,2794090
2021-05-31,LU,45123,42097,626108
2021-05-31,LV,68664,161145,1907675
2021-05-31,MT,16996,45688,514564
2021-05-31,NL,580158,603888,17407585
2021-05-31,NO,353644,379522,5367580
2021-05-31,PL,3810108,5051448,37958138
2021-05-31,PT,871600,856502,10295909
2021-05-31,RO,407451,856919,19328838
2021-05-31,SE,650267,1115876,10327589
2021-05-31,SI,126951,138417,2095861
2021-05-31,SK,207461,277562,5457873
2021-06-07,AT,593502,679400,8901064
2021-06-07,BE,1092515,1087386,11522440
2021-06-07,BG,76920,149913,6951482
2021-06-07,CY,47720,60274,888005
2021-06-07,CZ,704671,694346,10693939
2021-06-07,DE,4375584,7781339,83166711
2021-06-07,DK,651687,233480,5822763
2021-06-07,EE,45076,93039,1328976
2021-06-07,EL,835785,1222635,10718565
2021-06-07,ES,3674732,3246596,47332614
2021-06-07,FI,1305308,745630,5525292
2021-06-07,FR,9110388,7037536,67320216
2021-06-07,HR,121150,303740,4058165
2021-06-07,HU,153580,399134,9769526
2021-06-07,IE,308625,295656,4964440
2021-06-07,IS,53033,33133,364134
2021-06-07,IT,9367829,2320202,59641488
2021-06-07,LI,4498,1280,38747
2021-06-07,LT,172373,229752,2794090
2021-06-07,LU,34093,65029,626108
2021-06-07,LV,70935,121280,1907675
2021-06-07,MT,21726,46790,514564
2021-06-07,NL,1017497,641416,17407585
2021-06-07,NO,317090,331832,5367580
2021-06-07,PL,3522940,5950046,37958138
2021-06-07,PT,1176231,677394,10295909
2021-06-07,RO,336219,533962,19328838
2021-06-07,SE,808863,1246037,10327589
2021-06-07,SI,102135,127732,2095861
2021-06-07,SK,134297,349248,5457873
2021-06-14,AT,509910,684576,8901064
2021-06-14,BE,1401253,675114,11522440
2021-06-14,BG,66507,100628,6951482
2021-06-14,CY,57114,61708,888005
2021-06-14,CZ,508280,876399,10693939
2021-06-14,DE,4289240,7590641,83166711
2021-06-14,DK,588405,284346,5822763
2021-06-14,EE,38500,102978,1328976
2021-06-14,EL,841080,1189894,10718565
2021-06-14,ES,3652229,3004049,47332614
2021-06-14,FI,1341876,706762,5525292
2021-06-14,FR,6636700,9150158,67320216
2021-06-14,HR,67975,349066,4058165
2021-06-14,HU,114603,482519,9769526
2021-06-14,IE,186543,575782,4964440
2021-06-14,IS,47407,29020,364134
2021-06-14,IT,6196913,5009122,59641488
2021-06-14,LI,3948,1700,38747
2021-06-14,LT,109797,295029,2794090
2021-06-14,LU,49796,37308,626108
2021-06-14,LV,59329,104864,1907675
2021-06-14,MT,12206,40167,514564
2021-06-14,NL,743892,671659,17407585
2021-06-14,NO,443471,206537,5367580
2021-06-14,PL,2417878,5556098,37958138
2021-06-14,PT,1148285,1069156,10295909
2021-06-14,RO,229471,358715,19328838
2021-06-14,SE,908809,1408917,10327589
2021-06-14,SI,58014,81811,2095861
2021-06-14,SK,115168,382060,5457873
2021-06-21,AT,424056,808766,8901064
2021-06-21,BE,1199221,602351,11522440
2021-06-21,BG,59982,75458,6951482
2021-06-21,CY,18677,56170,888005
2021-06-21,CZ,379533,964372,10693939
2021-06-21,DE,4526138,6831035,83166711
2021-06-21,DK,436267,398968,5822763
2021-06-21,EE,16375,45829,1328976
2021-06-21,EL,608152,1178199,10718565
2021-06-21,ES,3260308,4291605,47332614
2021-06-21,FI,803332,754158,5525292
2021-06-21,FR,4820224,11049732,67320216
2021-06-21,HR,45825,262315,4058165
2021-06-21,HU,88237,664687,9769526
2021-06-21,IE,211811,553633,4964440
2021-06-21,IS,34309,23466,364134
2021-06-21,IT,5490170,5932342,59641488
2021-06-21,LI,982,2282,38747
2021-06-21,LT,58534,309708,2794090
2021-06-21,LU,70431,16823,626108
2021-06-21,LV,18983,43954,1907675
2021-06-21,MT,3378,39746,514564
2021-06-21,NL,817226,614452,17407585
2021-06-21,NO,573368,168986,5367580
2021-06-21,PL,1796204,5499058,37958138
2021-06-21,PT,1273627,911465,10295909
2021-06-21,RO,190124,285041,19328838
2021-06-21,SE,866312,1044295,10327589
2021-06-21,SI,29105,100355,2095861
2021-06-21,SK,98094,381658,5457873
2021-06-28,AT,400502,847166,8901064
2021-06-28,BE,816333,599202,11522440
2021-06-28,BG,57651,69581,6951482
2021-06-28,CY,21900,76033,888005
2021-06-28,CZ,304415,980457,10693939
2021-06-28,DE,4396526,5638254,83166711
2021-06-28,DK,326553,524057,5822763
2021-06-28,EE,24803,73418,1328976
2021-06-28,EL,785206,1063557,10718565
2021-06-28,ES,3433771,4613606,47332614
2021-06-28,FI,898024,1035328,5525292
2021-06-28,FR,4310820,11680650,67320216
2021-06-28,HR,66735,274557,4058165
2021-06-28,HU,60885,360771,9769526
2021-06-28,IE,243970,496466,4964440
2021-06-28,IS,2239,94929,364134
2021-06-28,IT,4167178,6711047,59641488
2021-06-28,LI,1302,3270,38747
2021-06-28,LT,76837,257103,2794090
2021-06-28,LU,42697,55842,626108
2021-06-28,LV,55743,104171,1907675
2021-06-28,MT,9190,45734,514564
2021-06-28,NL,941064,531791,17407585
2021-06-28,NO,710353,49444,5367580
2021-06-28,PL,1570210,4381302,37958138
2021-06-28,PT,1255650,1227259,10295909
2021-06-28,RO,183297,189154,19328838
2021-06-28,SE,1233493,966724,10327589
2021-06-28,SI,28610,105317,2095861
2021-06-28,SK,137157,297749,5457873
2021-07-05,AT,302600,696812,8901064
2021-07-05,BE,343406,1384971,11522440
2021-07-05,BG,67336,56032,6951482
2021-07-05,CY,23523,86812,888005
2021-07-05,CZ,224524,644863,10693939
2021-07-05,DE,2928063,5965403,83166711
2021-07-05,DK,541233,472846,5822763
2021-07-05,EE,29049,54785,1328976
2021-07-05,EL,773751,797617,10718565
2021-07-05,ES,2916547,4614061,47332614
2021-07-05,FI,633946,1228176,5525292
2021-07-05,FR,4531608,10745638,67320216
2021-07-05,HR,87650,200681,4058165
2021-07-05,HU,53142,243901,9769526
2021-07-05,IE,273326,511767,4964440
2021-07-05,IS,5068,25156,364134
2021-07-05,IT,2457603,8615554,59641488
2021-07-05,LI,928,4318,38747
2021-07-05,LT,70585,138658,2794090
2021-07-05,LU,33753,32274,626108
2021-07-05,LV,57246,57318,1907675
2021-07-05,MT,11601,22158,514564
2021-07-05,NL,830283,415939,17407585
2021-07-05,NO,498188,53406,5367580
2021-07-05,PL,1160908,4555036,37958138
2021-07-05,PT,1423213,1758548,10295909
2021-07-05,RO,181334,122548,19328838
2021-07-05,SE,1160865,631249,10327589
2021-07-05,SI,36598,71995,2095861
2021-07-05,SK,136274,214418,5457873
2021-07-12,AT,220798,627320,8901064
2021-07-12,BE,289726,1264747,11522440
2021-07-12,BG,68087,50561,6951482
2021-07-12,CY,43640,36263,888005
2021-07-12,CZ,310931,799658,10693939
2021-07-12,DE,2080071,6058116,83166711
2021-07-12,DK,437531,598477,5822763
2021-07-12,EE,28379,44299,1328976
2021-07-12,EL,558896,918741,10718565
2021-07-12,ES,2799149,3805483,47332614
2021-07-12,FI,493902,1106206,5525292
2021-07-12,FR,6378738,10125796,67320216
2021-07-12,HR,70305,118902,4058165
2021-07-12,HU,51558,192635,9769526
2021-07-12,IE,364098,389480,4964440
2021-07-12,IS,3854,22239,364134
2021-07-12,IT,1780730,9475318,59641488
2021-07-12,LI,826,3838,38747
2021-07-12,LT,82339,92265,2794090
2021-07-12,LU,20173,49429,626108
2021-07-12,LV,51036,18360,1907675
2021-07-12,MT,17254,7058,514564
2021-07-12,NL,227551,874652,17407585
2021-07-12,NO,291366,164263,5367580
2021-07-12,PL,1193258,3642410,37958138
2021-07-12,PT,1090945,1225876,10295909
2021-07-12,RO,167931,100701,19328838
2021-07-12,SE,1051331,480153,10327589
2021-07-12,SI,53319,43182,2095861
2021-07-12,SK,110795,161735,5457873
2021-07-19,AT,182546,561770,8901064
2021-07-19,BE,190448,1360602,11522440
2021-07-19,BG,65455,46706,6951482
2021-07-19,CY,36311,24390,888005
2021-07-19,CZ,257921,698812,10693939
2021-07-19,DE,1452035,5009241,83166711
2021-07-19,DK,308167,614986,5822763
2021-07-19,EE,39466,44990,1328976
2021-07-19,EL,505328,820229,10718565
2021-07-19,ES,2675784,3237642,47332614
2021-07-19,FI,394034,1224676,5525292
2021-07-19,FR,8688146,9312252,67320216
2021-07-19,HR,60542,124756,4058165
2021-07-19,HU,46720,118318,9769526
2021-07-19,IE,425207,240814,4964440
2021-07-19,IS,938,1900,364134
2021-07-19,IT,2448445,8418724,59641488
2021-07-19,LI,74,1216,38747
2021-07-19,LT,143353,77520,2794090
2021-07-19,LU,8416,51067,626108
2021-07-19,LV,45618,30942,1907675
2021-07-19,MT,15318,12262,514564
2021-07-19,NL,194914,655436,17407585
2021-07-19,NO,371442,126706,5367580
2021-07-19,PL,1104822,2369094,37958138
2021-07-19,PT,836753,1183550,10295909
2021-07-19,RO,191984,95531,19328838
2021-07-19,SE,717136,615695,10327589
2021-07-19,SI,50695,30327,2095861
2021-07-19,SK,68485,114384,5457873
2021-07-26,AT,113098,505024,8901064
2021-07-26,BE,189596,1243806,11522440
2021-07-26,BG,73828,50274,6951482
2021-07-26,CY,29401,25046,888005
2021-07-26,CZ,258117,489360,10693939
2021-07-26,DE,1214225,4641671,83166711
2021-07-26,DK,193665,473943,5822763
2021-07-26,EE,34755,30758,1328976
2021-07-26,EL,323489,812403,10718565
2021-07-26,ES,2719583,2417700,47332614
2021-07-26,FI,386070,1240062,5525292
2021-07-26,FR,9645456,6454066,67320216
2021-07-26,HR,50713,92776,4058165
2021-07-26,HU,48621,102121,9769526
2021-07-26,IE,309345,278205,4964440
2021-07-26,IS,1719,1228,364134
2021-07-26,IT,2946066,6767808,59641488
2021-07-26,LI,22,8,38747
2021-07-26,LT,187653,95646,2794090
2021-07-26,LU,6955,44169,626108
2021-07-26,LV,41056,32170,1907675
2021-07-26,MT,11017,10584,514564
2021-07-26,NL,154959,655816,17407585
2021-07-26,NO,374870,156215,5367580
2021-07-26,PL,1112412,1515344,37958138
2021-07-26,PT,626299,1200154,10295909
2021-07-26,RO,188424,91095,19328838
2021-07-26,SE,413837,778945,10327589
2021-07-26,SI,47276,31090,2095861
2021-07-26,SK,61114,120212,5457873
2021-08-02,AT,112026,420020,8901064
2021-08-02,BE,198110,877828,11522440
2021-08-02,BG,77533,48686,6951482
2021-08-02,CY,27359,38867,888005
2021-08-02,CZ,191976,429572,10693939
2021-08-02,DE,1007189,4075822,83166711
2021-08-02,DK,116074,522898,5822763
2021-08-02,EE,46238,25198,1328976
2021-08-02,EL,259441,556044,10718565
2021-08-02,ES,2528804,2127916,47332614
2021-08-02,FI,385098,1182678,5525292
2021-08-02,FR,7735854,5255354,67320216
2021-08-02,HR,31226,58634,4058165
2021-08-02,HU,42382,48932,9769526
2021-08-02,IE,201220,265828,4964440
2021-08-02,IS,1587,1382,364134
2021-08-02,IT,2916551,5012571,59641488
2021-08-02,LI,4,0,38747
2021-08-02,LT,224543,77803,2794090
2021-08-02,LU,6257,31392,626108
2021-08-02,LV,38540,23886,1907675
2021-08-02,MT,7272,13815,514564
2021-08-02,NL,91970,736270,17407585
2021-08-02,NO,226614,288899,5367580
2021-08-02,PL,993246,1035436,37958138
2021-08-02,PT,742266,1179694,10295909
2021-08-02,RO,188881,77905,19328838
2021-08-02,SE,291937,887648,10327589
2021-08-02,SI,37323,34761,2095861
2021-08-02,SK,65379,111168,5457873
2021-08-09,AT,76322,287112,8901064
2021-08-09,BE,130287,562740,11522440
2021-08-09,BG,75251,46633,6951482
2021-08-09,CY,16360,33241,888005
2021-08-09,CZ,129021,430890,10693939
2021-08-09,DE,1115504,3727177,83166711
2021-08-09,DK,76641,638977,5822763
2021-08-09,EE,43512,28404,1328976
2021-08-09,EL,142079,406404,10718565
2021-08-09,ES,2636886,2145542,47332614
2021-08-09,FI,537520,1277958,5525292
2021-08-09,FR,5630024,5927842,67320216
2021-08-09,HR,30094,55268,4058165
2021-08-09,HU,52018,43371,9769526
2021-08-09,IE,156075,310837,4964440
2021-08-09,IS,1958,904,364134
2021-08-09,IT,2552117,2694359,59641488
2021-08-09,LI,1062,2374,38747
2021-08-09,LT,194931,102921,2794090
2021-08-09,LU,5072,14883,626108
2021-08-09,LV,40936,27708,1907675
2021-08-09,MT,4540,7836,514564
2021-08-09,NL,76492,648000,17407585
2021-08-09,NO,112521,535407,5367580
2021-08-09,PL,879068,731690,37958138
2021-08-09,PT,1235501,637066,10295909
2021-08-09,RO,166869,80986,19328838
2021-08-09,SE,307462,1010827,10327589
2021-08-09,SI,30287,33317,2095861
2021-08-09,SK,54738,95032,5457873
2021-08-16,AT,90598,211408,8901064
2021-08-16,BE,91281,298092,11522440
2021-08-16,BG,76756,51188,6951482
2021-08-16,CY,15376,26567,888005
2021-08-16,CZ,110879,385027,10693939
2021-08-16,DE,1235604,2547505,83166711
2021-08-16,DK,64569,380311,5822763
2021-08-16,EE,29850,24466,1328976
2021-08-16,EL,200489,302404,10718565
2021-08-16,ES,1863901,2384091,47332614
2021-08-16,FI,570720,1226716,5525292
2021-08-16,FR,3988004,7356890,67320216
2021-08-16,HR,34956,49355,4058165
2021-08-16,HU,40265,32172,9769526
2021-08-16,IE,174183,286689,4964440
2021-08-16,IS,4478,3707,364134
2021-08-16,IT,1963118,1973925,59641488
2021-08-16,LI,1650,800,38747
2021-08-16,LT,162154,154184,2794090
2021-08-16,LU,5941,7840,626108
2021-08-16,LV,40129,29429,1907675
2021-08-16,MT,4019,4262,514564
2021-08-16,NL,72176,224995,17407585
2021-08-16,NO,65582,696374,5367580
2021-08-16,PL,735094,704388,37958138
2021-08-16,PT,1242799,393203,10295909
2021-08-16,RO,161929,74675,19328838
2021-08-16,SE,262369,1240807,10327589
2021-08-16,SI,35570,33863,2095861
2021-08-16,SK,57686,62880,5457873
2021-08-23,AT,94940,99550,8901064
2021-08-23,BE,83255,259600,11522440
2021-08-23,BG,84499,54418,6951482
2021-08-23,CY,12795,25906,888005
2021-08-23,CZ,107483,311363,10693939
2021-08-23,DE,1242644,1857921,83166711
2021-08-23,DK,50878,239730,5822763
2021-08-23,EE,28853,27779,1328976
2021-08-23,EL,322152,254196,10718565
2021-08-23,ES,1349701,2367911,47332614
2021-08-23,FI,383086,1129590,5525292
2021-08-23,FR,3006300,7731628,67320216
2021-08-23,HR,42840,45186,4058165
2021-08-23,HU,58417,44682,9769526
2021-08-23,IE,137383,225711,4964440
2021-08-23,IS,8690,1164,364134
2021-08-23,IT,2053752,2768773,59641488
2021-08-23,LI,1858,132,38747
2021-08-23,LT,118820,129366,2794090
2021-08-23,LU,5366,6611,626108
2021-08-23,LV,37893,28522,1907675
2021-08-23,MT,2959,1414,514564
2021-08-23,NL,63751,204115,17407585
2021-08-23,NO,75105,880671,5367580
2021-08-23,PL,705722,641656,37958138
2021-08-23,PT,878066,295451,10295909
2021-08-23,RO,161659,70953,19328838
2021-08-23,SE,229578,1159830,10327589
2021-08-23,SI,35654,30808,2095861
2021-08-23,SK,43969,54268,5457873
2021-08-30,AT,97058,77884,8901064
2021-08-30,BE,81604,159942,11522440
2021-08-30,BG,79190,51819,6951482
2021-08-30,CY,12254,16214,888005
2021-08-30,CZ,86195,162788,10693939
2021-08-30,DE,1075411,1430350,83166711
2021-08-30,DK,33903,140163,5822763
2021-08-30,EE,16736,28360,1328976
2021-08-30,EL,401396,147854,10718565
2021-08-30,ES,976919,2510009,47332614
2021-08-30,FI,218432,1180102,5525292
2021-08-30,FR,2498668,6265776,67320216
2021-08-30,HR,41405,32602,4058165
2021-08-30,HU,96561,43432,9769526
2021-08-30,IE,68954,173735,4964440
2021-08-30,IS,997,1296,364134
2021-08-30,IT,2071350,2934983,59641488
2021-08-30,LI,20,2,38747
2021-08-30,LT,82753,106007,2794090
2021-08-30,LU,5363,6152,626108
2021-08-30,LV,32215,30649,1907675
2021-08-30,MT,2166,964,514564
2021-08-30,NL,52732,157493,17407585
2021-08-30,NO,87381,578539,5367580
2021-08-30,PL,566214,526570,37958138
2021-08-30,PT,400456,749144,10295909
2021-08-30,RO,137407,54887,19328838
2021-08-30,SE,199460,886785,10327589
2021-08-30,SI,30516,24960,2095861
2021-08-30,SK,31430,46024,5457873
2021-09-06,AT,106786,64576,8901064
2021-09-06,BE,64470,88472,11522440
2021-09-06,BG,59270,47119,6951482
2021-09-06,CY,14265,15349,888005
2021-09-06,CZ,68102,103950,10693939
2021-09-06,DE,918303,1253517,83166711
2021-09-06,DK,23451,80923,5822763
2021-09-06,EE,13284,29889,1328976
2021-09-06,EL,356253,169877,10718565
2021-09-06,ES,700650,1702099,47332614
2021-09-06,FI,155692,1054358,5525292
2021-09-06,FR,1730786,4119830,67320216
2021-09-06,HR,35425,28771,4058165
2021-09-06,HU,41684,38372,9769526
2021-09-06,IE,38875,174051,4964440
2021-09-06,IS,699,2054,364134
2021-09-06,IT,1469984,2920441,59641488
2021-09-06,LI,66,908,38747
2021-09-06,LT,66995,90812,2794090
2021-09-06,LU,5941,4631,626108
2021-09-06,LV,31281,29907,1907675
2021-09-06,MT,912,1417,514564
2021-09-06,NL,47463,82172,17407585
2021-09-06,NO,79763,335132,5367580
2021-09-06,PL,480098,405184,37958138
2021-09-06,PT,194845,763472,10295909
2021-09-06,RO,119769,47593,19328838
2021-09-06,SE,176706,621658,10327589
2021-09-06,SI,47475,26930,2095861
2021-09-06,SK,27162,44639,5457873
2021-09-13,AT,116450,72536,8901064
2021-09-13,BE,55641,76129,11522440
2021-09-13,BG,58095,52743,6951482
2021-09-13,CY,9442,12356,888005
2021-09-13,CZ,62058,84333,10693939
2021-09-13,DE,942076,1308468,83166711
2021-09-13,DK,18390,57320,5822763
2021-09-13,EE,13769,32303,1328976
2021-09-13,EL,310989,243176,10718565
2021-09-13,ES,443166,1183926,47332614
2021-09-13,FI,135476,728350,5525292
2021-09-13,FR,1411580,3026832,67320216
2021-09-13,HR,45118,28598,4058165
2021-09-13,HU,36065,39891,9769526
2021-09-13,IE,31048,151123,4964440
2021-09-13,IS,785,8572,364134
2021-09-13,IT,2097069,2173293,59641488
2021-09-13,LI,1856,1662,38747
2021-09-13,LT,61522,74598,2794090
2021-09-13,LU,4932,4237,626108
2021-09-13,LV,30722,31571,1907675
2021-09-13,MT,2191,2290,514564
2021-09-13,NL,68569,80183,17407585
2021-09-13,NO,106599,177932,5367580
2021-09-13,PL,445462,355498,37958138
2021-09-13,PT,137840,642845,10295909
2021-09-13,RO,159950,52053,19328838
2021-09-13,SE,154117,473573,10327589
2021-09-13,SI,129188,31236,2095861
2021-09-13,SK,29421,37338,5457873
2021-09-20,AT,110938,66940,8901064
2021-09-20,BE,62990,77269,11522440
2021-09-20,BG,43427,45760,6951482
2021-09-20,CY,5957,13800,888005
2021-09-20,CZ,51539,68271,10693939
2021-09-20,DE,794510,1233408,83166711
2021-09-20,DK,14937,45922,5822763
2021-09-20,EE,12894,33788,1328976
2021-09-20,EL,163547,326942,10718565
2021-09-20,ES,315338,739467,47332614
2021-09-20,FI,121340,742718,5525292
2021-09-20,FR,925584,2387678,67320216
2021-09-20,HR,45282,31303,4058165
2021-09-20,HU,34371,78547,9769526
2021-09-20,IE,24476,99997,4964440
2021-09-20,IS,467,2028,364134
2021-09-20,IT,2431236,2155497,59641488
2021-09-20,LI,754,1956,38747
2021-09-20,LT,51934,59002,2794090
2021-09-20,LU,4106,4448,626108
2021-09-20,LV,47353,29935,1907675
2021-09-20,MT,2519,3182,514564
2021-09-20,NL,70711,70301,17407585
2021-09-20,NO,78331,118863,5367580
2021-09-20,PL,442734,323314,37958138
2021-09-20,PT,105866,267091,10295909
2021-09-20,RO,279284,52955,19328838
2021-09-20,SE,121389,336906,10327589
2021-09-20,SI,52973,24230,2095861
2021-09-20,SK,36471,33435,5457873
2021-09-27,AT,87202,69906,8901064
2021-09-27,BE,58317,71659,11522440
2021-09-27,BG,43702,35941,6951482
2021-09-27,CY,3426,13013,888005
2021-09-27,CZ,37688,55583,10693939
2021-09-27,DE,611485,931317,83166711
2021-09-27,DK,11633,30085,5822763
2021-09-27,EE,10011,19499,1328976
2021-09-27,EL,124602,294782,10718565
2021-09-27,ES,225810,517782,47332614
2021-09-27,FI,106338,718446,5525292
2021-09-27,FR,913474,1788700,67320216
2021-09-27,HR,46728,29651,4058165
2021-09-27,HU,30496,41517,9769526
2021-09-27,IE,21228,56938,4964440
2021-09-27,IS,314,986,364134
2021-09-27,IT,1900414,1551888,59641488
2021-09-27,LI,362,50,38747
2021-09-27,LT,47400,53677,2794090
2021-09-27,LU,3532,4332,626108
2021-09-27,LV,56169,27749,1907675
2021-09-27,MT,1847,2145,514564
2021-09-27,NL,64829,59072,17407585
2021-09-27,NO,41478,95260,5367580
2021-09-27,PL,369956,293250,37958138
2021-09-27,PT,70888,156565,10295909
2021-09-27,RO,405328,52670,19328838
2021-09-27,SE,93700,279363,10327589
2021-09-27,SI,25484,32192,2095861
2021-09-27,SK,32010,24726,5457873
2021-10-04,AT,70134,79630,8901064
2021-10-04,BE,44784,48210,11522440
2021-10-04,BG,38075,32519,6951482
2021-10-04,CY,4780,10094,888005
2021-10-04,CZ,40581,49885,10693939
2021-10-04,DE,516415,809930,83166711
2021-10-04,DK,10879,21641,5822763
2021-10-04,EE,8874,16291,1328976
2021-10-04,EL,116921,236393,10718565
2021-10-04,ES,172841,281753,47332614
2021-10-04,FI,108632,612508,5525292
2021-10-04,FR,832444,1474366,67320216
2021-10-04,HR,44188,28182,4058165
2021-10-04,HU,27202,33738,9769526
2021-10-04,IE,13823,36288,4964440
2021-10-04,IS,453,714,364134
2021-10-04,IT,1637543,1213834,59641488
2021-10-04,LI,354,52,38747
2021-10-04,LT,40911,48001,2794090
2021-10-04,LU,3519,4396,626108
2021-10-04,LV,68759,27482,1907675
2021-10-04,MT,1983,2086,514564
2021-10-04,NL,42443,59317,17407585
2021-10-04,NO,18010,53556,5367580
2021-10-04,PL,336558,260492,37958138
2021-10-04,PT,45180,118929,10295909
2021-10-04,RO,512943,67485,19328838
2021-10-04,SE,65019,200763,10327589
2021-10-04,SI,11458,68612,2095861
2021-10-04,SK,26881,21844,5457873
2021-10-11,AT,58568,76084,8901064
2021-10-11,BE,43760,52153,11522440
2021-10-11,BG,46422,26101,6951482
2021-10-11,CY,3716,6844,888005
2021-10-11,CZ,42631,41385,10693939
2021-10-11,DE,469206,754320,83166711
2021-10-11,DK,10262,18529,5822763
2021-10-11,EE,10937,12703,1328976
2021-10-11,EL,138096,152083,10718565
2021-10-11,ES,136548,196817,47332614
2021-10-11,FI,138264,576660,5525292
2021-10-11,FR,780026,1198340,67320216
2021-10-11,HR,31516,29116,4058165
2021-10-11,HU,26815,31131,9769526
2021-10-11,IE,13460,27421,4964440
2021-10-11,IS,472,756,364134
2021-10-11,IT,1968158,1423295,59641488
2021-10-11,LI,84,300,38747
2021-10-11,LT,40522,35603,2794090
2021-10-11,LU,5542,3805,626108
2021-10-11,LV,118062,25885,1907675
2021-10-11,MT,1263,1651,514564
2021-10-11,NL,32465,57140,17407585
2021-10-11,NO,10089,31610,5367580
2021-10-11,PL,312626,241986,37958138
2021-10-11,PT,51792,104362,10295909
2021-10-11,RO,631688,112560,19328838
2021-10-11,SE,86028,165810,10327589
2021-10-11,SI,8611,43381,2095861
2021-10-11,SK,22000,21149,5457873
2021-10-18,AT,72782,73246,8901064
2021-10-18,BE,42785,44832,11522440
2021-10-18,BG,164669,27758,6951482
2021-10-18,CY,4950,3942,888005
2021-10-18,CZ,75410,31499,10693939
2021-10-18,DE,416085,678581,83166711
2021-10-18,DK,11138,14574,5822763
2021-10-18,EE,20296,12197,1328976
2021-10-18,EL,150922,104681,10718565
2021-10-18,ES,143580,170612,47332614
2021-10-18,FI,137718,468308,5525292
2021-10-18,FR,674914,999468,67320216
2021-10-18,HR,30890,30115,4058165
2021-10-18,HU,26788,27212,9769526
2021-10-18,IE,22963,25491,4964440
2021-10-18,IS,349,507,364134
2021-10-18,IT,1373349,1093297,59641488
2021-10-18,LI,110,1988,38747
2021-10-18,LT,45516,26432,2794090
2021-10-18,LU,8181,3462,626108
2021-10-18,LV,133350,25405,1907675
2021-10-18,MT,1037,1352,514564
2021-10-18,NL,35201,50362,17407585
2021-10-18,NO,10210,30279,5367580
2021-10-18,PL,341774,218850,37958138
2021-10-18,PT,39712,82380,10295909
2021-10-18,RO,1368778,172737,19328838
2021-10-18,SE,61719,132972,10327589
2021-10-18,SI,8044,22652,2095861
2021-10-18,SK,21231,24821,5457873
2021-10-25,AT,105862,56146,8901064
2021-10-25,BE,50199,46828,11522440
2021-10-25,BG,227130,26801,6951482
2021-10-25,CY,3959,4712,888005
2021-10-25,CZ,128295,29033,10693939
2021-10-25,DE,426420,692958,83166711
2021-10-25,DK,15833,15345,5822763
2021-10-25,EE,26217,11344,1328976
2021-10-25,EL,136923,84606,10718565
2021-10-25,ES,128519,128720,47332614
2021-10-25,FI,126638,486756,5525292
2021-10-25,FR,564228,861158,67320216
2021-10-25,HR,47771,34907,4058165
2021-10-25,HU,30063,25005,9769526
2021-10-25,IE,23893,18268,4964440
2021-10-25,IS,418,432,364134
2021-10-25,IT,1127164,816597,59641488
2021-10-25,LI,452,424,38747
2021-10-25,LT,49778,23614,2794090
2021-10-25,LU,8214,2868,626108
2021-10-25,LV,104666,30116,1907675
2021-10-25,MT,1303,1945,514564
2021-10-25,NL,43953,49004,17407585
2021-10-25,NO,9347,29311,5367580
2021-10-25,PL,415830,203484,37958138
2021-10-25,PT,38718,49899,10295909
2021-10-25,RO,1749212,238992,19328838
2021-10-25,SE,54784,129997,10327589
2021-10-25,SI,10367,13683,2095861
2021-10-25,SK,23148,22352,5457873
2021-11-01,AT,158444,64886,8901064
2021-11-01,BE,46299,33413,11522440
2021-11-01,BG,166587,27053,6951482
2021-11-01,CY,4241,4417,888005
2021-11-01,CZ,201980,37199,10693939
2021-11-01,DE,408481,592581,83166711
2021-11-01,DK,20388,13804,5822763
2021-11-01,EE,22446,9035,1328976
2021-11-01,EL,218717,104195,10718565
2021-11-01,ES,95373,92037,47332614
2021-11-01,FI,92100,327328,5525292
2021-11-01,FR,513342,812978,67320216
2021-11-01,HR,82151,30673,4058165
2021-11-01,HU,36280,24976,9769526
2021-11-01,IE,19289,15164,4964440
2021-11-01,IS,694,637,364134
2021-11-01,IT,1037967,703762,59641488
2021-11-01,LI,396,410,38747
2021-11-01,LT,35186,19030,2794090
2021-11-01,LU,6907,2828,626108
2021-11-01,LV,83342,72697,1907675
2021-11-01,MT,1502,1433,514564
2021-11-01,NL,70933,40494,17407585
2021-11-01,NO,11842,25604,5367580
2021-11-01,PL,406212,174872,37958138
2021-11-01,PT,29184,36997,10295909
2021-11-01,RO,858618,309481,19328838
2021-11-01,SE,36060,83175,10327589
2021-11-01,SI,13669,11466,2095861
2021-11-01,SK,28015,18011,5457873
2021-11-08,AT,273834,84738,8901064
2021-11-08,BE,43235,35831,11522440
2021-11-08,BG,115361,64184,6951482
2021-11-08,CY,5309,4801,888005
2021-11-08,CZ,185283,49727,10693939
2021-11-08,DE,547567,633860,83166711
2021-11-08,DK,46604,18372,5822763
2021-11-08,EE,13895,7046,1328976
2021-11-08,EL,261132,116459,10718565
2021-11-08,ES,113456,98834,47332614
2021-11-08,FI,79288,231950,5525292
2021-11-08,FR,466212,885146,67320216
2021-11-08,HR,198742,34730,4058165
2021-11-08,HU,46548,25932,9769526
2021-11-08,IE,18416,16504,4964440
2021-11-08,IS,737,552,364134
2021-11-08,IT,1265345,612621,59641488
2021-11-08,LI,496,142,38747
2021-11-08,LT,44896,23004,2794090
2021-11-08,LU,6131,4590,626108
2021-11-08,LV,64984,80036,1907675
2021-11-08,MT,1423,1347,514564
2021-11-08,NL,67000,43442,17407585
2021-11-08,NO,12290,26518,5367580
2021-11-08,PL,445598,153978,37958138
2021-11-08,PT,38388,42559,10295909
2021-11-08,RO,528373,678033,19328838
2021-11-08,SE,44833,88818,10327589
2021-11-08,SI,22550,13362,2095861
2021-11-08,SK,62666,18050,5457873
2021-11-15,AT,226908,105852,8901064
2021-11-15,BE,51406,46877,11522440
2021-11-15,BG,91178,100340,6951482
2021-11-15,CY,7297,4399,888005
2021-11-15,CZ,195326,77836,10693939
2021-11-15,DE,705056,644627,83166711
2021-11-15,DK,42001,19217,5822763
2021-11-15,EE,10928,7750,1328976
2021-11-15,EL,322133,110767,10718565
2021-11-15,ES,138405,103562,47332614
2021-11-15,FI,84590,167636,5525292
2021-11-15,FR,576282,1092412,67320216
2021-11-15,HR,150477,30305,4058165
2021-11-15,HU,45569,26917,9769526
2021-11-15,IE,20637,24769,4964440
2021-11-15,IS,966,572,364134
2021-11-15,IT,1394417,437071,59641488
2021-11-15,LI,142,84,38747
2021-11-15,LT,41801,27357,2794090
2021-11-15,LU,5277,6843,626108
2021-11-15,LV,39076,42460,1907675
2021-11-15,MT,1621,1022,514564
2021-11-15,NL,49252,44817,17407585
2021-11-15,NO,13711,28916,5367580
2021-11-15,PL,575760,244734,37958138
2021-11-15,PT,56655,37995,10295909
2021-11-15,RO,448783,799895,19328838
2021-11-15,SE,53547,87712,10327589
2021-11-15,SI,23336,14380,2095861
2021-11-15,SK,94259,16987,5457873
2021-11-22,AT,175726,125782,8901064
2021-11-22,BE,45450,43247,11522440
2021-11-22,BG,78598,87390,6951482
2021-11-22,CY,11650,5776,888005
2021-11-22,CZ,219215,130822,10693939
2021-11-22,DE,1211629,730261,83166711
2021-11-22,DK,33984,21626,5822763
2021-11-22,EE,8492,8780,1328976
2021-11-22,EL,346225,158874,10718565
2021-11-22,ES,187820,89832,47332614
2021-11-22,FI,91484,162674,5525292
2021-11-22,FR,597942,1258650,67320216
2021-11-22,HR,90288,42968,4058165
2021-11-22,HU,182013,47214,9769526
2021-11-22,IE,20116,22470,4964440
2021-11-22,IS,873,788,364134
2021-11-22,IT,2062426,393159,59641488
2021-11-22,LI,194,286,38747
2021-11-22,LT,39518,23889,2794090
2021-11-22,LU,4169,7332,626108
2021-11-22,LV,34284,63132,1907675
2021-11-22,MT,1150,899,514564
2021-11-22,NL,32837,56156,17407585
2021-11-22,NO,14749,38039,5367580
2021-11-22,PL,716694,228582,37958138
2021-11-22,PT,59391,36134,10295909
2021-11-22,RO,326416,452562,19328838
2021-11-22,SE,72494,101073,10327589
2021-11-22,SI,13993,15478,2095861
2021-11-22,SK,102692,18344,5457873
2021-11-29,AT,152572,181186,8901064
2021-11-29,BE,32052,39467,11522440
2021-11-29,BG,63966,67960,6951482
2021-11-29,CY,12563,7499,888005
2021-11-29,CZ,135225,123625,10693939
2021-11-29,DE,1107486,775540,83166711
2021-11-29,DK,54389,34661,5822763
2021-11-29,EE,6960,10523,1328976
2021-11-29,EL,388234,210289,10718565
2021-11-29,ES,244618,123845,47332614
2021-11-29,FI,107574,166908,5525292
2021-11-29,FR,502324,1780492,67320216
2021-11-29,HR,52665,84269,4058165
2021-11-29,HU,72527,37753,9769526
2021-11-29,IE,17965,20054,4964440
2021-11-29,IS,637,583,364134
2021-11-29,IT,551602,357440,59641488
2021-11-29,LI,164,330,38747
2021-11-29,LT,39502,29971,2794090
2021-11-29,LU,6681,6277,626108
2021-11-29,LV,23822,46323,1907675
2021-11-29,MT,1069,1506,514564
2021-11-29,NL,24645,56561,17407585
2021-11-29,NO,14151,42041,5367580
2021-11-29,PL,692672,264680,37958138
2021-11-29,PT,78869,40583,10295909
2021-11-29,RO,189045,282699,19328838
2021-11-29,SE,79728,97824,10327589
2021-11-29,SI,9317,21588,2095861
2021-11-29,SK,55402,18974,5457873
2021-12-06,AT,127970,198006,8901064
2021-12-06,BE,25544,41580,11522440
2021-12-06,BG,46841,53710,6951482
2021-12-06,CY,9713,9274,888005
2021-12-06,CZ,83721,132390,10693939
2021-12-06,DE,893917,829554,83166711
2021-12-06,DK,83920,43074,5822763
2021-12-06,EE,5533,12681,1328976
2021-12-06,EL,309217,266127,10718565
2021-12-06,ES,170120,106388,47332614
2021-12-06,FI,92932,149130,5525292
2021-12-06,FR,524668,2256140,67320216
2021-12-06,HR,34200,107425,4058165
2021-12-06,HU,56649,37380,9769526
2021-12-06,IE,10556,16652,4964440
2021-12-06,IS,632,847,364134
2021-12-06,IT,591792,355852,59641488
2021-12-06,LI,258,342,38747
2021-12-06,LT,33894,28155,2794090
2021-12-06,LU,8697,5762,626108
2021-12-06,LV,19115,35279,1907675
2021-12-06,MT,1050,1567,514564
2021-12-06,NL,18379,54223,17407585
2021-12-06,NO,16047,33239,5367580
2021-12-06,PL,665056,324956,37958138
2021-12-06,PT,68087,50164,10295909
2021-12-06,RO,174736,259455,19328838
2021-12-06,SE,91098,99373,10327589
2021-12-06,SI,5773,23278,2095861
2021-12-06,SK,43733,35118,5457873
2021-12-13,AT,137200,208778,8901064
2021-12-13,BE,27498,40934,11522440
2021-12-13,BG,43796,47012,6951482
2021-12-13,CY,9707,13527,888005
2021-12-13,CZ,77931,158543,10693939
2021-12-13,DE,934031,1113164,83166711
2021-12-13,DK,93205,41014,5822763
2021-12-13,EE,4875,12228,1328976
2021-12-13,EL,269593,275827,10718565
2021-12-13,ES,1122345,141087,47332614
2021-12-13,FI,95796,158308,5525292
2021-12-13,FR,614148,2693938,67320216
2021-12-13,HR,23982,94123,4058165
2021-12-13,HU,43375,74503,9769526
2021-12-13,IE,12545,18912,4964440
2021-12-13,IS,417,564,364134
2021-12-13,IT,579662,397263,59641488
2021-12-13,LI,282,268,38747
2021-12-13,LT,34460,26448,2794090
2021-12-13,LU,7753,5237,626108
2021-12-13,LV,17305,24192,1907675
2021-12-13,MT,1001,1129,514564
2021-12-13,NL,15261,44384,17407585
2021-12-13,NO,23545,40994,5367580
2021-12-13,PL,679066,392702,37958138
2021-12-13,PT,231512,38486,10295909
2021-12-13,RO,127182,186094,19328838
2021-12-13,SE,84847,102060,10327589
2021-12-13,SI,5745,16809,2095861
2021-12-13,SK,40796,53941,5457873
2021-12-20,AT,65408,121258,8901064
2021-12-20,BE,19309,30767,11522440
2021-12-20,BG,35108,31812,6951482
2021-12-20,CY,5364,9778,888005
2021-12-20,CZ,41609,89099,10693939
2021-12-20,DE,569457,789905,83166711
2021-12-20,DK,39546,30981,5822763
2021-12-20,EE,3724,6362,1328976
2021-12-20,EL,166208,172522,10718565
2021-12-20,ES,909381,122180,47332614
2021-12-20,FI,50972,79174,5525292
2021-12-20,FR,2552458,6896979,67320216
2021-12-20,HR,11983,46296,4058165
2021-12-20,HU,26992,43244,9769526
2021-12-20,IE,8647,10761,4964440
2021-12-20,IS,324,370,364134
2021-12-20,IT,366068,319358,59641488
2021-12-20,LI,190,146,38747
2021-12-20,LT,22794,21570,2794090
2021-12-20,LU,4989,3394,626108
2021-12-20,LV,12886,14767,1907675
2021-12-20,MT,2510,678,514564
2021-12-20,NL,8517,26246,17407585
2021-12-20,NO,13141,20950,5367580
2021-12-20,PL,409202,229872,37958138
2021-12-20,PT,36112,41222,10295909
2021-12-20,RO,86026,89019,19328838
2021-12-20,SE,39044,56546,10327589
2021-12-20,SI,8433,14345,2095861
2021-12-20,SK,19213,38484,5457873
2021-12-27,AT,46122,103034,8901064
2021-12-27,BE,11218,11819,11522440
2021-12-27,BG,21328,21893,6951482
2021-12-27,CY,5272,11885,888005
2021-12-27,CZ,38867,66875,10693939
2021-12-27,DE,374373,550058,83166711
2021-12-27,DK,26858,57953,5822763
2021-12-27,EE,4024,5509,1328976
2021-12-27,EL,211812,273717,10718565
2021-12-27,ES,528826,104201,47332614
2021-12-27,FI,77028,85700,5525292
2021-12-27,FR,539944,1517785,67320216
2021-12-27,HR,11558,39202,4058165
2021-12-27,HU,22383,33596,9769526
2021-12-27,IE,8087,12285,4964440
2021-12-27,IS,246,312,364134
2021-12-27,IT,477627,420602,59641488
2021-12-27,LI,14,40,38747
2021-12-27,LT,24127,25794,2794090
2021-12-27,LU,4491,4380,626108
2021-12-27,LV,10327,13922,1907675
2021-12-27,MT,4598,872,514564
2021-12-27,NL,8531,23641,17407585
2021-12-27,NO,5273,10811,5367580
2021-12-27,PL,418538,367194,37958138
2021-12-27,PT,37864,54396,10295909
2021-12-27,RO,74011,79242,19328838
2021-12-27,SE,27063,38977,10327589
2021-12-27,SI,3133,7078,2095861
2021-12-27,SK,16498,37868,5457873
2022-01-03,AT,59410,132590,8901064
2022-01-03,BE,38508,27967,11522440
2022-01-03,BG,47762,33395,6951482
2022-01-03,CY,6427,10364,888005
2022-01-03,CZ,67031,94447,10693939
2022-01-03,DE,468097,1002229,83166711
2022-01-03,DK,24191,91519,5822763
2022-01-03,EE,5071,5493,1328976
2022-01-03,EL,165740,245407,10718565
2022-01-03,ES,569700,101396,47332614
2022-01-03,FI,144176,117738,5525292
2022-01-03,FR,956306,2486568,67320216
2022-01-03,HR,14402,34942,4058165
2022-01-03,HU,41029,64700,9769526
2022-01-03,IE,62373,12254,4964440
2022-01-03,IS,1267,702,364134
2022-01-03,IT,811455,627357,59641488
2022-01-03,LI,285,188,38747
2022-01-03,LT,30202,36583,2794090
2022-01-03,LU,5604,8901,626108
2022-01-03,LV,14135,15334,1907675
2022-01-03,MT,5518,866,514564
2022-01-03,NL,13163,25179,17407585
2022-01-03,NO,13328,36078,5367580
2022-01-03,PL,506192,553940,37958138
2022-01-03,PT,443308,33912,10295909
2022-01-03,RO,135037,89188,19328838
2022-01-03,SE,34825,60954,10327589
2022-01-03,SI,4862,10581,2095861
2022-01-03,SK,26256,42638,5457873
2022-01-10,AT,67106,126380,8901064
2022-01-10,BE,76245,24854,11522440
2022-01-10,BG,48280,22970,6951482
2022-01-10,CY,6442,6509,888005
2022-01-10,CZ,60867,54583,10693939
2022-01-10,DE,500606,1081934,83166711
2022-01-10,DK,14430,52908,5822763
2022-01-10,EE,4364,4899,1328976
2022-01-10,EL,234775,223665,10718565
2022-01-10,ES,784714,144445,47332614
2022-01-10,FI,237686,142556,5525292
2022-01-10,FR,877108,2166392,67320216
2022-01-10,HR,19302,33476,4058165
2022-01-10,HU,40430,40901,9769526
2022-01-10,IE,104715,12164,4964440
2022-01-10,IS,14660,602,364134
2022-01-10,IT,1035683,678339,59641488
2022-01-10,LI,114,314,38747
2022-01-10,LT,21063,29868,2794090
2022-01-10,LU,5795,7929,626108
2022-01-10,LV,12869,10164,1907675
2022-01-10,MT,5953,2346,514564
2022-01-10,NL,9973,19589,17407585
2022-01-10,NO,13279,36731,5367580
2022-01-10,PL,521008,475448,37958138
2022-01-10,PT,61689,46097,10295909
2022-01-10,RO,109848,53783,19328838
2022-01-10,SE,55086,95398,10327589
2022-01-10,SI,5886,14942,2095861
2022-01-10,SK,26494,42027,5457873
2022-01-17,AT,55350,75542,8901064
2022-01-17,BE,84870,14142,11522440
2022-01-17,BG,33805,12903,6951482
2022-01-17,CY,4744,5118,888005
2022-01-17,CZ,41277,40828,10693939
2022-01-17,DE,452742,895586,83166711
2022-01-17,DK,9014,30049,5822763
2022-01-17,EE,3597,3586,1328976
2022-01-17,EL,213374,178455,10718565
2022-01-17,ES,473359,108034,47332614
2022-01-17,FI,217044,110654,5525292
2022-01-17,FR,589686,1486206,67320216
2022-01-17,HR,13431,18222,4058165
2022-01-17,HU,35243,26513,9769526
2022-01-17,IE,48812,9508,4964440
2022-01-17,IS,2607,493,364134
2022-01-17,IT,770126,583426,59641488
2022-01-17,LI,165,195,38747
2022-01-17,LT,12088,27651,2794090
2022-01-17,LU,3063,5207,626108
2022-01-17,LV,10256,7574,1907675
2022-01-17,MT,3882,4135,514564
2022-01-17,NL,22000,15202,17407585
2022-01-17,NO,10116,26651,5367580
2022-01-17,PL,431750,323624,37958138
2022-01-17,PT,42169,30869,10295909
2022-01-17,RO,74744,45804,19328838
2022-01-17,SE,48646,71875,10327589
2022-01-17,SI,2622,5900,2095861
2022-01-17,SK,20899,23317,5457873
2022-01-24,AT,38010,63626,8901064
2022-01-24,BE,54221,26171,11522440
2022-01-24,BG,19522,24046,6951482
2022-01-24,CY,3377,6777,888005
2022-01-24,CZ,26431,50289,10693939
2022-01-24,DE,338966,777918,83166711
2022-01-24,DK,4377,20085,5822763
2022-01-24,EE,2646,3097,1328976
2022-01-24,EL,133625,179043,10718565
2022-01-24,ES,181300,81797,47332614
2022-01-24,FI,139488,96684,5525292
2022-01-24,FR,409264,1303050,67320216
2022-01-24,HR,8845,11837,4058165
2022-01-24,HU,31983,28395,9769526
2022-01-24,IE,16592,36728,4964440
2022-01-24,IS,710,839,364134
2022-01-24,IT,568199,666565,59641488
2022-01-24,LI,45,31,38747
2022-01-24,LT,9232,24168,2794090
2022-01-24,LU,1977,3989,626108
2022-01-24,LV,7721,7225,1907675
2022-01-24,MT,1786,4940,514564
2022-01-24,NL,44601,14359,17407585
2022-01-24,NO,9355,22977,5367580
2022-01-24,PL,348818,335402,37958138
2022-01-24,PT,29240,26819,10295909
2022-01-24,RO,59493,64382,19328838
2022-01-24,SE,32726,50220,10327589
2022-01-24,SI,1906,5913,2095861
2022-01-24,SK,15441,23617,5457873
2022-01-31,AT,23482,63298,8901064
2022-01-31,BE,30862,58095,11522440
2022-01-31,BG,14817,28324,6951482
2022-01-31,CY,2415,6432,888005
2022-01-31,CZ,15964,45813,10693939
2022-01-31,DE,226854,593425,83166711
2022-01-31,DK,2447,10358,5822763
2022-01-31,EE,1398,2144,1328976
2022-01-31,EL,128666,196105,10718565
2022-01-31,ES,86185,61681,47332614
2022-01-31,FI,65136,58726,5525292
2022-01-31,FR,281732,1214852,67320216
2022-01-31,HR,6625,11026,4058165
2022-01-31,HU,16371,25514,9769526
2022-01-31,IE,14253,59960,4964440
2022-01-31,IS,1118,9366,364134
2022-01-31,IT,435392,809939,59641488
2022-01-31,LI,75,231,38747
2022-01-31,LT,5478,15558,2794090
2022-01-31,LU,1302,4342,626108
2022-01-31,LV,3990,6613,1907675
2022-01-31,MT,325,2895,514564
2022-01-31,NL,18416,12148,17407585
2022-01-31,NO,7477,17295,5367580
2022-01-31,PL,242356,370458,37958138
2022-01-31,PT,74196,131889,10295909
2022-01-31,RO,43902,64138,19328838
2022-01-31,SE,22934,40189,10327589
2022-01-31,SI,1395,6565,2095861
2022-01-31,SK,7535,20717,5457873
2022-02-07,AT,16488,48258,8901064
2022-02-07,BE,20551,73626,11522440
2022-02-07,BG,12069,23052,6951482
2022-02-07,CY,742,2133,888005
2022-02-07,CZ,8347,35247,10693939
2022-02-07,DE,154678,507171,83166711
2022-02-07,DK,1539,7859,5822763
2022-02-07,EE,1137,2072,1328976
2022-02-07,EL,70350,206986,10718565
2022-02-07,ES,77333,340014,47332614
2022-02-07,FI,35266,51858,5525292
2022-02-07,FR,206312,1043774,67320216
2022-02-07,HR,5191,10545,4058165
2022-02-07,HU,13355,26526,9769526
2022-02-07,IE,13729,43798,4964440
2022-02-07,IS,230,1790,364134
2022-02-07,IT,259974,812616,59641488
2022-02-07,LI,30,126,38747
2022-02-07,LT,2898,9510,2794090
2022-02-07,LU,1083,4311,626108
2022-02-07,LV,2462,5814,1907675
2022-02-07,MT,613,3028,514564
2022-02-07,NL,8954,9375,17407585
2022-02-07,NO,5616,12650,5367580
2022-02-07,PL,169202,326028,37958138
2022-02-07,PT,21018,29278,10295909
2022-02-07,RO,35609,51437,19328838
2022-02-07,SE,16890,38971,10327589
2022-02-07,SI,1023,4488,2095861
2022-02-07,SK,4444,17087,5457873
2022-02-14,AT,10362,33196,8901064
2022-02-14,BE,15718,55860,11522440
2022-02-14,BG,9074,14062,6951482
2022-02-14,CY,1238,3388,888005
2022-02-14,CZ,5848,24433,10693939
2022-02-14,DE,112193,392982,83166711
2022-02-14,DK,1158,4213,5822763
2022-02-14,EE,828,1975,1328976
2022-02-14,EL,55706,136606,10718565
2022-02-14,ES,68325,366647,47332614
2022-02-14,FI,17302,63918,5525292
2022-02-14,FR,137174,704826,67320216
2022-02-14,HR,4186,9043,4058165
2022-02-14,HU,9967,23005,9769526
2022-02-14,IE,11020,30031,4964440
2022-02-14,IS,164,759,364134
2022-02-14,IT,147402,626791,59641488
2022-02-14,LI,10,124,38747
2022-02-14,LT,2154,7134,2794090
2022-02-14,LU,1052,2257,626108
2022-02-14,LV,1645,4710,1907675
2022-02-14,MT,418,2307,514564
2022-02-14,NL,3727,5114,17407585
2022-02-14,NO,3131,8039,5367580
2022-02-14,PL,112848,277806,37958138
2022-02-14,PT,16783,26187,10295909
2022-02-14,RO,21897,44040,19328838
2022-02-14,SE,12046,31936,10327589
2022-02-14,SI,913,3074,2095861
2022-02-14,SK,2442,12529,5457873
2022-02-21,AT,7088,22962,8901064
2022-02-21,BE,9403,34235,11522440
2022-02-21,BG,6401,10083,6951482
2022-02-21,CY,798,2083,888005
2022-02-21,CZ,4540,17669,10693939
2022-02-21,DE,90345,312246,83166711
2022-02-21,DK,1053,3679,5822763
2022-02-21,EE,751,1585,1328976
2022-02-21,EL,40446,135962,10718565
2022-02-21,ES,45915,215299,47332614
2022-02-21,FI,13208,85232,5525292
2022-02-21,FR,94476,421474,67320216
2022-02-21,HR,2875,6431,4058165
2022-02-21,HU,8322,17624,9769526
2022-02-21,IE,9009,18768,4964440
2022-02-21,IS,162,458,364134
2022-02-21,IT,90864,483970,59641488
2022-02-21,LI,8,114,38747
2022-02-21,LT,1949,5544,2794090
2022-02-21,LU,634,2017,626108
2022-02-21,LV,1118,3142,1907675
2022-02-21,MT,339,1112,514564
2022-02-21,NL,2516,3895,17407585
2022-02-21,NO,1665,5189,5367580
2022-02-21,PL,95264,217768,37958138
2022-02-21,PT,14898,202045,10295909
2022-02-21,RO,17315,37974,19328838
2022-02-21,SE,9235,25517,10327589
2022-02-21,SI,303,1408,2095861
2022-02-21,SK,1535,8243,5457873
2022-02-28,AT,4584,11268,8901064
2022-02-28,BE,891,1598,11522440
2022-02-28,BG,1008,1923,6951482
2022-02-28,CZ,1597,5042,10693939
2022-02-28,EE,315,780,1328976
2022-02-28,EL,15622,38618,10718565
2022-02-28,ES,10873,65432,47332614
2022-02-28,FI,2900,30140,5525292
2022-02-28,FR,20732,85148,67320216
2022-02-28,HR,401,624,4058165
2022-02-28,HU,1624,3281,9769526
2022-02-28,IE,777,4509,4964440
2022-02-28,IT,37417,103500,59641488
2022-02-28,NL,782,1232,17407585
2022-02-28,PL,38210,94104,37958138
2022-02-28,PT,1542,3274,10295909
2022-02-28,SE,2798,7167,10327589
2022-02-28,SK,441,2322,5457873
