,true,pred,resid
2153,20.646759749141864,4.227893529147881,16.418866219993983
2178,0.0,13.975260892354143,13.975260892354143
1452,0.6699324910068615,14.64331049259859,13.97337800159173
217,2.6122939238564054,16.577788084634438,13.965494160778032
1204,0.980296587887582,14.731044310377465,13.750747722489884
840,1.9578334203195285,15.187631091143595,13.229797670824066
1455,1.5775350453421002,14.78157410230156,13.20403905695946
2670,0.0,13.162065310025142,13.162065310025142
1461,2.468797782823513,15.393728462621016,12.924930679797503
1820,0.9467331662785732,13.69968994397952,12.752956777700946
3158,1.1655114667388762,13.86796733269876,12.702455865959884
295,3.121636508589104,15.790564952552673,12.66892844396357
1462,2.9025456483978007,15.548453502743033,12.645907854345232
254,0.1870104820813744,12.729762917832675,12.5427524357513
2667,0.971696426489222,13.26670086465464,12.295004438165417
2424,1.7568853935742714,14.051325774931817,12.294440381357546
220,2.239109077591204,14.42636559523501,12.187256517643807
251,0.1150833735885384,12.008950337212836,11.893866963624298
1948,1.09849670725612,12.829493344652894,11.730996637396775
226,1.5708478412558449,13.276739899379793,11.705892058123949
831,1.0647865970158836,12.670659734265536,11.605873137249652
247,0.15823963868424,11.713187608356108,11.554947969671868
227,2.022141143716088,13.27546695229221,11.253325808576122
2671,0.7773571411913776,11.961725910771293,11.184368769579915
282,0.3164792773684804,11.415896818966711,11.09941754159823
96,4.314090989571584,15.35034924756272,11.036258257991136
712,2.28336551628211,13.30384129699143,11.02047578070932
298,3.323032412369046,14.332449196190627,11.009416783821582
2912,1.0060399658691626,12.00457088553935,10.998530919670188
2915,1.2668651422056116,12.129062103737024,10.862196961531412
2493,2.3064725385613376,13.161316828735831,10.854844290174494
3159,0.9324091733911012,11.663401298638515,10.730992125247415
3523,4.151038642352713,14.817729002831504,10.66669036047879
1206,0.9929728368688868,11.599358197325824,10.606385360456937
3280,1.836633945610181,12.418514017931859,10.581880072321677
1330,0.7963380034937518,11.36532006610311,10.568982062609358
291,1.4673130132538643,11.971227533934284,10.50391452068042
256,0.5466460245455571,10.963520419765066,10.416874395219509
1936,0.27462417681403,10.664594810677494,10.389970633863465
1767,0.684870801137691,10.998657198294476,10.313786397156784
1822,0.4431516948538002,10.707557497827969,10.264405802974169
2672,0.3886785705956888,10.585973756283826,10.197295185688137
1151,2.431727096246997,12.604342601268794,10.172615505021797
903,2.106885301164205,12.003407423343116,9.896522122178911
343,5.2075226548813625,15.094438437729854,9.886915782848492
1075,5.886982072693501,15.674509591639843,9.787527518946343
2859,0.4098681342429919,10.144603159035508,9.734735024792517
258,0.2877084339713455,9.705613350306495,9.417904916335148
221,1.926675252811036,11.300365773891121,9.373690521080086
2862,0.3167162855514029,9.625058847941439,9.308342562390036
781,1.6143538728950495,10.887497359303488,9.273143486408438
259,0.1438542169856729,9.391646624727231,9.247792407741558
2736,2.6425262320993976,11.881196863941557,9.23867063184216
1886,0.0,9.232319208932822,9.232319208932822
1945,0.54924835362806,9.746060849236471,9.19681249560841
321,1.06452120569398,10.178998199264424,9.114476993570443
1490,0.1971334334606896,9.298332602299356,9.101199168838665
257,3.107251086890536,12.17289691315801,9.065645826267474
1080,3.228044052538749,12.275565310794828,9.04752125825608
2206,0.0,8.990649326330075,8.990649326330075
2092,12.904224843213669,3.930626830008257,8.973598013205411
463,1.1261197853615688,10.09293762891913,8.96681784355756
2793,1.4361555609235854,10.385239631430338,8.949084070506752
1577,8.92028786409621,17.797652499224295,8.877364635128085
1078,5.952289322311336,14.787896169626851,8.835606847315514
246,2.5749904840435462,11.356359818799438,8.781369334755892
278,1.898875664210883,10.618976648855103,8.720100984644219
299,4.718418317130073,13.390970716534676,8.672552399404603
3651,2.8399341648294127,11.435385454737386,8.595451289907974
266,0.4603334943541529,9.03766954047686,8.577336046122708
315,1.3090733745696237,9.882022423267761,8.572949048698138
1032,1.399441063239342,9.958543860863204,8.559102797623861
279,2.920240604809161,11.472409031366489,8.552168426557328
1487,0.1478500750955172,8.59604308670042,8.448193011604902
318,3.366188677464747,11.806330904837338,8.440142227372592
350,0.6473439764355284,9.05749156300701,8.410147586571481
1611,0.8495806244847496,9.247763107709057,8.398182483224307
322,4.027918075598843,12.355143971090413,8.32722589549157
1608,0.2047182227674093,8.527151797108269,8.32243357434086
274,3.0640948217948343,11.36737321286068,8.303278391065847
309,4.171772292584516,12.375878350240088,8.204106057655572
324,1.8413339774166135,10.029195871600463,8.187861894183849
1200,0.3253570571868264,8.50573037384297,8.180373316656144
272,0.8631253019140377,9.013253877180505,8.150128575266468
2496,4.717784737966372,12.842955046846207,8.125170308879834
263,0.2445521688756435,8.36049678962074,8.115944620745097
1483,0.2217751126432758,8.28389225437184,8.062117141728566
1105,0.0,8.046746032364139,8.046746032364139
354,2.4311362670578736,10.438697190597042,8.007560923539168
1025,5.103295077279468,13.095661573808869,7.9923664965294
283,5.797324944522622,13.739421273311713,7.942096328789091
289,8.228461211580495,16.142009441589725,7.91354823000923
1450,0.3773012255337978,8.264640248788078,7.88733902325428
2921,0.614802201364488,8.49281694048567,7.878014739121181
1642,8.925714512659058,16.80200870040789,7.876294187748831
358,1.6399380736366722,9.50267482699157,7.862736753354897
346,4.042303497297411,11.892052637880678,7.849749140583267
962,1.95639349393819,9.78161479472687,7.82522130078868
2423,0.4791505618838921,8.29659719635852,7.817446634474629
1491,0.3449835085562068,8.066723108941822,7.721739600385615
1606,0.0614154668302227,7.6840427674858365,7.622627300655614
109,1.7975379123214934,9.416615084031063,7.61907717170957
2066,4.055901489245205,11.671341024447008,7.615439535201803
1612,0.409436445534819,8.015106518796449,7.60567007326163
331,4.114230605790247,11.688957270028931,7.574726664238684
3398,0.2904840616720898,7.86144721601787,7.5709631543457805
3525,2.1470889529410586,9.68468118374461,7.5375922308035515
2666,0.1943392852978444,7.711740444793387,7.5174011594955426
2810,0.0919139558991094,7.517995671891541,7.4260817159924315
1513,0.2217751126432759,7.6178960346132545,7.396120921969978
3528,0.9542617568626924,8.324719433215098,7.370457676352405
1022,6.4467584979892365,13.771331627129168,7.324573129139932
1480,0.3203418293736206,7.6092108334377215,7.288869004064101
3192,0.8691676136972122,8.146860497690088,7.277692883992876
1626,0.2354259561825208,7.509142197794631,7.27371624161211
1104,0.0,7.2647680349465205,7.2647680349465205
361,2.12904241138796,9.393181036996705,7.264138625608744
1539,2.9570015019103457,10.211492561068196,7.25449105915785
1613,0.327549156427855,7.4908678089509735,7.1633186525231185
3188,0.212118286676105,7.3485559460386085,7.136437659362503
270,4.373168196364458,11.43238440587317,7.059216209508713
2949,0.4610342056293696,7.495415139069552,7.034380933440183
325,3.423730364259016,10.448951215252515,7.0252208509935
3397,0.2904840616720899,7.301229757229496,7.010745695557406
490,0.0,7.006269924764808,7.006269924764808
1566,2.193109447250173,9.128659085357986,6.935549638107814
2218,0.2147389668908298,7.147088545198665,6.932349578307835
1538,2.365601201528277,9.24458757473202,6.878986373203743
1675,1.3204325368497911,8.110489044721918,6.7900565078721264
533,7.172287030999523,13.936359842413738,6.7640728114142155
1691,2.425910939793804,9.155297927728501,6.7293869879346975
174,2.586257771791391,9.292981135479673,6.7067233636882815
1652,5.691166592933986,12.37390392637499,6.682737333441003
990,0.1399441063239337,6.7304263722848585,6.590482265960925
3123,0.4759171822517078,7.060837158025137,6.584919975773429
3187,0.0103472334963953,6.570431834270382,6.560084600773987
1825,0.0,6.538667159771125,6.538667159771125
1703,1.576330315309054,8.105834176119556,6.529503860810502
1582,3.32662668964914,9.839173437159394,6.512546747510253
3592,4.782082690454688,11.292437982483058,6.51035529202837
1278,0.3800704107583812,6.85472556296688,6.474655152208499
1108,0.0,6.471919517974969,6.471919517974969
2622,0.971696426489222,7.438854744645505,6.467158318156283
314,6.156960486986804,12.574598897759758,6.417638410772954
1284,0.2352816828504264,6.648436680475893,6.413154997625466
3228,2.778232193782161,9.173823696736054,6.395591502953893
612,0.0,6.395268196535964,6.395268196535964
2029,1.2675740082138796,7.655788651622695,6.388214643408816
2381,2.3957528094194607,8.767179449740576,6.371426640321115
2981,0.4768410926795196,6.840854921638684,6.364013828959164
3368,1.2684470693014602,7.613091318219407,6.344644248917946
1965,0.0486238706854529,6.359369744557732,6.310745873872279
1113,11.964266330188314,5.661617370950424,6.3026489592378905
1660,17.50340804661352,11.244138880184934,6.259269166428584
1578,8.47673763880966,14.73435619562046,6.257618556810801
3436,0.3817047027450769,6.630687457166758,6.2489827544216805
3211,0.5277089083161646,6.758399399832829,6.230690491516665
581,2.936242669796415,9.161221867434856,6.224979197638441
1454,0.470883812969346,6.69539788092851,6.224514067959165
2740,2.924012722040421,9.128684585889737,6.204671863849315
1545,2.636659672536725,8.837897562939267,6.201237890402542
2053,0.4594117437177284,6.659863677068307,6.200451933350578
1537,3.5730434814750014,9.739293730139702,6.1662502486647
1681,0.0818872891069636,6.245056872868245,6.163169583761282
2555,3.4072889774201576,9.5684653738569,6.161176396436743
1572,6.185061474829141,12.339891115977453,6.1548296411483125
1173,0.5176135000699513,6.665004031020599,6.147390530950648
3043,3.469611707507887,9.613198723939941,6.143587016432054
296,6.257658438876774,12.398016539187322,6.140358100310548
1553,2.833793105997415,8.94884486157901,6.115051755581595
2211,0.0357898278151383,6.124806619779921,6.089016791964783
1564,1.4785007509551729,7.5574210446716155,6.078920293716442
1211,3.2725849453402254,9.308810269715504,6.036225324375279
718,0.8464925347354423,6.882124469414872,6.03563193467943
1514,1.1088755632163796,7.138863162562101,6.029987599345722
1424,0.9105734301268432,6.926404957244841,6.0158315271179985
410,1.9144036351146672,7.897913177297891,5.983509542183224
3489,2.3379413043135973,8.3157477802191,5.977806475905503
2004,8.519237481130585,14.492865225530986,5.973627744400401
1554,2.710584710084484,8.660128873704274,5.949544163619789
2955,0.1317240587512484,6.076414601019136,5.944690542267888
1672,0.4708519123650418,6.390697961078478,5.919846048713437
3522,1.6222449866665776,7.539160983255444,5.916915996588866
288,13.30651507117475,19.19107729437316,5.884562223198408
1667,3.951061699411005,9.833124886838636,5.882063187427631
1677,0.0511795556918522,5.920303201448146,5.869123645756294
416,1.4639557209700398,7.313857113941328,5.849901392971288
177,1.8659242313260036,7.693363827325703,5.827439595999699
611,0.0,5.819495147402094,5.819495147402094
1558,3.154134935371036,8.970507735467287,5.81637280009625
1662,3.111716986064625,8.907425713874451,5.795708727809826
3488,2.433367479999866,8.227347791793251,5.793980311793385
2271,3.1495048477321768,8.9360976499869,5.786592802254724
1517,2.685943030901897,8.46747424156151,5.781531210659613
495,0.2057240087118505,5.98522784889831,5.779503840186459
2636,0.7773571411913776,6.5433492749901365,5.765992133798759
839,1.0476126196446598,6.805734933616199,5.758122313971539
3487,1.145114108235231,6.900550595757949,5.755436487522718
3195,1.8625020293511687,7.607402605652464,5.744900576301295
2639,0.0,5.732834971146277,5.732834971146277
219,0.989373778470532,6.7069373115194715,5.717563533048939
1569,3.4991184439272427,9.210145745515309,5.711027301588066
2757,1.062755115083453,6.765971141804611,5.703216026721158
1536,3.991952027578967,9.679554115916886,5.687602088337919
3364,1.2200330590227784,6.895342408322778,5.675309349299999
1027,2.164468844476849,7.825871685302742,5.661402840825893
1446,0.4500876824281133,6.110407135069346,5.660319452641233
2426,0.1597168539612974,5.814900399305357,5.65518354534406
1789,0.0805730354279636,5.7263821308123894,5.6458090953844255
2246,0.1789491390756917,5.8245387890557545,5.645589649980063
1488,2.513451276623794,8.154571764307494,5.6411204876837004
2016,1.2658973230178292,6.890985293719945,5.625087970702116
1407,2.777768865150403,8.401801048192313,5.62403218304191
3553,0.0,5.611293274135731,5.611293274135731
1632,0.4708519123650418,6.050378580681421,5.57952666831638
1073,3.619887550245765,9.171295424602247,5.5514078743564825
2228,0.0,5.527731872510929,5.527731872510929
1616,0.4094364455348189,5.910730205675842,5.501293760141023
1623,0.0102359111383704,5.500817332238224,5.490581421099853
2986,1.2329371899116863,6.7228150973013125,5.489877907389626
1231,0.0,5.4557182070159405,5.4557182070159405
3435,1.001974844705827,6.4525031092149945,5.450528264509168
1511,0.591400300382069,6.041106397140968,5.4497060967588995
1551,1.0349505256686211,6.473033774294038,5.438083248625417
997,0.0653072496178358,5.5030711200424305,5.437763870424595
829,0.5495672758791658,5.9731646968539245,5.423597420974759
1360,0.0,5.41405846791692,5.41405846791692
568,1.589685521864301,6.990238114372669,5.400552592508369
3032,5.150410697173818,10.549587109015677,5.399176411841859
1023,0.8583238521201298,6.253207247805962,5.394883395685833
547,13.297251835829622,7.9064609309951255,5.390790904834496
1684,3.592804809568038,8.980650467836517,5.387845658268478
218,2.4560770114663213,7.826959316857167,5.370882305390845
1565,2.3409595223456905,7.703112185736401,5.362152663390711
1552,0.6406836587472414,6.002481996571367,5.361798337824125
2037,0.737741486262046,6.096889014613549,5.359147528351502
3550,0.0183221559021252,5.374221163752062,5.355899007849937
211,1.1629481255706255,6.494909206909819,5.331961081339193
527,0.1215641869660934,5.425575893056621,5.304011706090527
1601,2.4873264066240264,7.773169351463791,5.285842944839764
1786,0.7453005777086638,6.025009542611677,5.279708964903014
555,2.234910821915105,7.511056827316628,5.276146005401523
3491,0.9542617568626924,6.2284246325165995,5.274162875653907
1769,0.6647275422807002,5.935598090835407,5.270870548554707
2459,0.104839660843697,5.37448493254855,5.269645271704853
1001,0.0373184283530488,5.3040630168721865,5.2667445885191375
2582,0.0,5.2237175569185395,5.2237175569185395
1647,5.015596457801535,10.238537237915988,5.222940780114453
578,0.8135449435423183,6.027299027118703,5.213754083576385
505,0.1122130956610093,5.325738824224331,5.213525728563321
457,1.013507806825412,6.224041711868166,5.2105339050427535
2868,0.5030199829345812,5.711063932925349,5.208043949990768
1507,0.1232083959129309,5.329091191320105,5.205882795407174
2791,0.488292890714019,5.6934100476382,5.205117156924181
56,1.7076610167054185,6.910363628882562,5.202702612177144
2583,0.1943392852978444,5.394321324687602,5.199982039389758
572,1.7112497088303944,6.907275082845686,5.196025374015292
173,3.2718764428367604,8.46681187703573,5.194935434198969
3360,1.413689100137505,6.592078481891605,5.1783893817541
1651,6.417916283758292,11.588685735536043,5.17076945177775
1074,5.019328613485107,10.166047521998099,5.146718908512992
2011,1.6163245289923016,6.755552530635388,5.139228001643087
1006,0.0746368567060979,5.190401550328927,5.115764693622829
178,1.544811689190831,6.65010070821511,5.105289019024279
3431,0.0,5.0968796517690205,5.0968796517690205
184,0.8418355834354526,5.932078384097045,5.090242800661592
582,6.442901909202961,11.533071182909012,5.090169273706051
3484,1.813097338039116,6.8948599119617064,5.081762573922591
1717,1.0338270249754185,6.1116656158989,5.0778385909234816
1618,2.968414230127439,8.024985736282838,5.056571506155399
1411,1.111107546060161,6.149659171603734,5.0385516255435725
313,7.638658921939236,12.674082635202259,5.0354237132630235
1826,1.0474494605635278,6.0805388516970815,5.0330893911335535
3464,0.2862785270588077,5.316300438626268,5.03002191156746
3400,1.6848075576981227,6.700079877072971,5.015272319374849
3230,2.752364110041172,7.762655414267526,5.010291304226353
3292,0.7708688954814562,5.779882736538914,5.009013841057458
905,1.5801639758731536,6.584633281621935,5.004469305748781
3366,0.3582636760622443,5.340864809275693,4.982601133213449
3144,0.7090194755994831,5.682650632901536,4.973631157302053
3560,0.8611413273998862,5.822440266125792,4.961298938725905
2413,0.3194337079225948,5.280729498694887,4.961295790772293
3563,0.0183221559021252,4.97943273957531,4.961110583673185
1018,0.4851395685896383,5.436473956795878,4.95133438820624
1421,3.1565555285800038,8.102127144045104,4.9455716154651
2985,3.6329495403594345,8.573866528626523,4.940916988267088
1533,4.435502252865519,9.374837671316842,4.939335418451322
3263,0.6001395427909321,5.5283304046089405,4.928190861818009
678,1.9322634990338856,6.849811787920865,4.91754828888698
3587,3.059800035654915,7.975862596885825,4.916062561230911
1609,3.0400656080960324,7.94702265396878,4.906957045872748
1406,1.2254862640369422,6.1004075551930494,4.874921291156108
2310,2.075810013278026,6.935008435826649,4.859198422548623
3395,0.2904840616720898,5.147122927088152,4.856638865416062
183,2.091570882556125,6.938589375832251,4.847018493276126
2996,2.800453489051544,7.6470897339476185,4.846636244896075
1624,0.0,4.845444188614852,4.845444188614852
3552,0.0,4.844474792674163,4.844474792674163
176,1.518775537125817,6.350801526288125,4.832025989162307
1592,1.0595922048512074,5.8818094185344485,4.822217213683241
2754,1.0684997373271476,5.887860945305668,4.81936120797852
2643,0.1943392852978444,5.003391371321667,4.809052086023823
2234,1.2884338013449816,6.094697425914507,4.806263624569525
3363,1.2297158610785148,6.002054326203837,4.772338465125322
2634,0.1943392852978444,4.952418788124984,4.758079502827139
3020,0.0632275482005991,4.818758004833455,4.755530456632856
2664,0.7773571411913776,5.5266103169167735,4.749253175725396
3257,0.7294799614958745,5.472564546274949,4.743084584779075
2384,2.5554696633807583,7.295458482844552,4.739988819463793
168,4.703864806412531,9.443508717225376,4.739643910812845
1620,0.1125950225220749,4.849580887471105,4.73698586494903
1894,0.0,4.7244680528777945,4.7244680528777945
2010,1.7387225483039592,6.458703962709119,4.71998141440516
3196,0.4035421063594198,5.116514570352512,4.7129724639930926
2619,1.7490535676805998,6.448327252345692,4.699273684665092
1688,3.572332987291297,8.247584683228647,4.67525169593735
3572,0.0,4.665684895318627,4.665684895318627
1532,4.312293856952588,8.972959514340882,4.660665657388294
214,1.4146309288657608,6.070808291116212,4.6561773622504505
869,0.6019672289040584,5.248360486122297,4.6463932572182385
3301,1.0398969663877362,5.682672100196646,4.642775133808909
522,0.551714386999963,5.187716123473811,4.6360017364738475
485,0.1496174608813458,4.780952786968985,4.6313353260876395
2018,3.321513373375258,7.946582341762875,4.625068968387617
2872,0.2794555460747673,4.903982884835349,4.624527338760582
3526,1.1928271960783658,5.811839223356925,4.6190120272785595
2663,0.1943392852978444,4.812466021996414,4.61812673669857
2989,5.290038199450142,9.90272373767262,4.612685538222478
501,0.4488523826440376,5.050443579946899,4.601591197302861
2216,1.3600134569752584,5.954728015129113,4.594714558153855
3251,3.4508023710478613,8.042290019069876,4.591487648022015
1064,2.360390593330357,6.922092566975422,4.561701973645065
1546,5.9632863621858645,10.512567667933165,4.549281305747301
1586,1.2074422799467248,5.756020616375521,4.548578336428796
2917,1.8257762343551471,6.373244049803768,4.547467815448621
3655,4.269062325195181,8.813063365848713,4.544001040653532
179,1.8398880792609893,6.380574035643313,4.540685956382324
1503,0.3942668669213793,4.933326428755208,4.539059561833829
2457,0.0,4.536745744891579,4.536745744891579
2144,0.0,4.506802321845976,4.506802321845976
1163,2.12960982885923,6.636230420477876,4.5066205916186455
1042,2.285753736624258,6.7875583033971125,4.501804566772854
2025,4.007277618559751,8.503085035407016,4.495807416847265
3425,0.1908523513725384,4.67459006028824,4.483737708915702
2256,2.541077774874825,7.024225131076763,4.483147356201938
3148,0.4856297778078651,4.9613282721780285,4.475698494370164
2630,0.971696426489222,5.4374300325474145,4.465733606058192
1034,2.491005092566029,6.948939900441049,4.45793480787502
414,1.8017916565785104,6.259296761727425,4.457505105148915
415,2.139627592186981,6.590248976178108,4.450621383991127
3544,0.6679832298038848,5.109722308018222,4.441739078214337
1091,1.39011145615108,5.83053002706402,4.44041857091294
2163,0.0,4.433636946288546,4.433636946288546
63,0.6965459410245782,5.121977734241812,4.425431793217234
43,8.279909008630879,12.699142055631517,4.419233047000638
1412,3.701711236339468,8.119220218564282,4.417508982224813
1444,1.5210884053016107,5.938461123476719,4.417372718175108
3536,1.4313926352940392,5.848733145942351,4.4173405106483115
411,1.4639557209700396,5.876675343274604,4.412719622304564
1702,1.044062936113789,5.451293433382112,4.407230497268323
3481,3.1967768854900207,7.60012934401631,4.403352458526289
1468,1.0487191544364625,5.4516291109856105,4.4029099565491485
2073,1.160266155666673,5.554518207661708,4.394252051995036
3374,1.5395655268620776,5.932789026626921,4.393223499764844
985,1.1941897072975718,5.586040656269407,4.391850948971836
420,0.4504479141446276,4.840686567866946,4.390238653722319
2499,0.9959767780151232,5.384742943356091,4.388766165340968
1067,2.257764915359472,6.642612165289535,4.384847249930063
573,0.1496174608813457,4.53290722839372,4.383289767512374
1637,2.896762852158845,7.276084216508471,4.379321364349625
12,0.8425958964006997,5.219247156915985,4.376651260515286
952,3.988032891489388,8.348233980544405,4.360201089055018
2244,0.787376211933044,5.145464650862149,4.358088438929105
3369,2.1302164522619944,6.48666798081473,4.356451528552736
2628,2.1377321382762884,6.487841330720332,4.3501091924440445
2655,1.1660357117870663,5.51453318022463,4.3484974684375635
1171,2.173976700293797,6.512322678829923,4.338345978536126
1431,1.651806940132218,5.979437479530631,4.327630539398413
1047,3.405306587215733,7.723444037786015,4.318137450570282
670,1.4609210649198323,5.7782887004052235,4.317367635485391
3479,2.719646007058674,7.03619137536235,4.316545368303675
472,2.927911441940079,7.241065299838191,4.3131538578981115
2452,0.0524198304218485,4.3646275531063905,4.312207722684542
2333,0.1597168539612974,4.467279488642957,4.307562634681659
3549,0.8794634833020116,5.174924291589554,4.295460808287542
2266,2.7200269139505164,7.01152970501999,4.291502791069474
52,3.381618197554809,7.664859124553637,4.283240926998827
3394,0.2227044472819355,4.502292843539158,4.279588396257223
2419,0.3194337079225948,4.5865014595611875,4.267067751638593
188,1.2757714511856864,5.537016045292241,4.261244594106554
1161,3.5451242984382816,7.800833958094982,4.2557096596567
2378,0.798584269806487,5.0532893154758565,4.254705045669369
942,1.1286885541951095,5.382498245133241,4.253809690938131
3217,2.752364110041173,7.001595550325138,4.249231440283966
3617,2.5834239821996583,6.83238959179155,4.248965609591892
803,0.2232617058259111,4.467961317205274,4.244699611379363
1801,0.1410028119989363,4.3799466643435565,4.238943852344621
3345,3.214690282504464,7.452948865784723,4.23825858328026
2778,0.6950992914870152,4.933049026174974,4.237949734687959
3295,0.6518757102729094,4.884976122969032,4.233100412696123
676,0.7899795388085018,5.019829824795622,4.22985028598712
2973,1.1749786040611367,5.4024757085035,4.227497104442364
1029,2.4163682358599305,6.642695933531348,4.226327697671417
2880,0.3912377645046741,4.614503666044186,4.223265901539512
196,1.4319883635757702,5.654516425385336,4.222528061809566
170,1.050124799955565,5.262652481522231,4.212527681566666
2416,0.9583011237677844,5.168651542896422,4.210350419128638
596,3.394446143745536,7.602386622957681,4.207940479212144
685,0.9030055306623822,5.108863946421312,4.2058584157589305
3208,2.7264960263001843,6.932016416640456,4.205520390340272
2941,1.9179022954181784,6.122224946341479,4.2043226509233005
2743,0.3389327123779658,4.540622650019742,4.201689937641776
776,0.3263055700532545,4.5237351194885544,4.1974295494353
1964,1.576084084287099,5.770905184558445,4.194821100271346
3517,2.815072182744943,7.008125058956244,4.193052876211301
210,0.8591930181454618,5.044671969808826,4.185478951663365
576,1.4307169696778708,5.615586068139269,4.184869098461398
61,1.988526315505652,6.170256989132174,4.181730673626522
1295,0.3800704107583813,4.557719011893307,4.177648601134926
2172,0.0,4.176615123278058,4.176615123278058
3216,1.8262867121137851,6.000836580075637,4.174549867961852
2584,0.0,4.1681381606703845,4.1681381606703845
2881,0.5216503526728989,4.678058221868359,4.15640786919546
1992,1.6532116033054036,5.8060210163107335,4.15280941300533
2956,2.057529797694502,6.206346802681768,4.148817004987266
2620,0.5830178558935332,4.727071665130827,4.1440538092372945
3026,2.305171028146849,6.446790944550473,4.1416199164036245
2404,0.3194337079225948,4.4595857310729645,4.14015202315037
2864,0.2794555460747673,4.415275654770179,4.135820108695412
1017,0.6064244607370481,4.732705777487517,4.126281316750469
2299,3.185294675547316,7.304842506258131,4.119547830710815
1427,2.1390305699553904,6.2569643640799,4.11793379412451
2044,0.5734263370491357,4.682175825135618,4.108749488086482
2647,0.1943392852978444,4.300618399156511,4.106279113858666
2425,2.395752809419461,6.501834537260713,4.106081727841252
2913,0.3167162855514028,4.416834194424105,4.100117908872702
423,0.3378359356084707,4.435273458520625,4.097437522912154
1417,3.443245042469857,7.537934532063842,4.094689489593985
680,0.6613222927620641,4.743869655505085,4.082547362743021
862,0.1504918072260146,4.227799318278977,4.077307511052962
1474,0.5540683351342782,4.6307797746121855,4.076711439477907
2140,0.0,4.070667899645772,4.070667899645772
2456,0.73387762590588,4.794238317488187,4.060360691582307
1055,2.1084912019472752,6.162544991114922,4.0540537891676465
1071,2.8921781973613068,6.944747238289876,4.052569040928569
2166,0.0,4.046920588613442,4.046920588613442
2281,2.8989760530262085,6.940647534702787,4.041671481676579
3291,1.5727794914520987,5.6054158847204825,4.032636393268383
2562,0.891137117171426,4.9199442939990075,4.0288071768275815
2867,1.3972777303738366,5.4225360153676245,4.025258284993788
2005,2.54856149799616,6.5719169331381995,4.023355435142039
2748,0.970841159184344,4.992631683007387,4.021790523823043
192,1.9874262742960689,6.006639768969443,4.019213494673374
570,0.0748087304406728,4.092365894182516,4.017557163741843
3261,3.983684896112224,7.998000805858847,4.014315909746623
2697,0.0,4.012572380739519,4.012572380739519
3508,3.053637621960616,7.066015991045106,4.012378369084489
1011,1.3434634207097682,5.349917235253108,4.00645381454334
557,0.5330122043897946,4.539428550052955,4.006416345663161
3016,0.9273373736087897,4.926127895492897,3.998790521884107
2500,1.939533725608397,5.930089973355583,3.990556247747186
2760,0.5112713796887962,4.500562353463508,3.9892909737747115
2222,0.1431593112605532,4.12837149254832,3.9852121812877668
2589,0.0,3.9809918562316176,3.9809918562316176
1983,1.5811141398752493,5.562024657816646,3.980910517941396
535,5.068291487355594,9.039095755845857,3.9708042684902622
1641,7.195845530274447,11.164652753487026,3.968807223212579
1037,3.312010516333109,7.260238864558522,3.948228348225413
3010,0.6717926996313675,4.617814379134425,3.946021679503058
58,1.629018733041353,5.571233179038268,3.942214445996915
3072,0.8352832178295281,4.772535646800194,3.937252428970666
2943,2.3631296139973985,6.298833321724061,3.9357037077266623
1436,2.1746810794546474,6.108116429577848,3.9334353501232004
3094,0.4273542044709212,4.359139031607043,3.9317848271361218
2542,11.742042014494084,7.811926611238993,3.9301154032550905
2969,2.1760814505706256,6.098451331066686,3.9223698804960603
67,0.8201266724966809,4.737329321518512,3.9172026490218315
3510,1.383679547450904,5.29235293349821,3.9086733860473055
2611,0.1943392852978444,4.097834949471097,3.9034956641732528
2970,0.2766205233776217,4.175116951300966,3.8984964279233445
1980,1.9684284201628237,5.866439441247058,3.8980110210842343
693,0.927053614035548,4.823928930563282,3.896875316527734
534,7.209691396219859,11.103465559522562,3.8937741633027025
2857,0.1490429579065424,4.04065256322023,3.891609605313688
460,1.4639557209700398,5.349422458420092,3.885466737450052
2877,0.1490429579065426,4.034096650957762,3.8850536930512196
1234,0.0,3.8791915811466753,3.8791915811466753
1041,3.778490870746224,7.655818187396058,3.8773273166498337
1465,2.828273753607683,6.704660888333137,3.876387134725454
2290,3.5074031258835614,7.383148033095326,3.8757449072117645
1070,2.360390593330357,6.233461297840757,3.8730707045103996
1174,0.5493041225232139,4.4150228928703745,3.8657187703471605
59,1.6739571808493907,5.538400426597102,3.864443245747711
929,1.5049180722601465,5.368756335288695,3.8638382630285486
2229,1.32422362916012,5.18797171823342,3.8637480890733005
1706,3.439266142492481,7.302613874635924,3.863347732143443
1979,1.901361012320819,5.763837195285547,3.8624761829647283
1159,2.1021446227330687,5.961520273601394,3.8593756508683255
3042,4.05446652836343,7.898602111201846,3.8441355828384163
897,0.0752459036130073,3.9114091367877193,3.836163233174712
2554,2.096793216873944,5.929412693032221,3.832619476158277
3635,3.444565309599545,7.2714121631806865,3.8268468535811415
599,1.06602440877959,4.883173481153129,3.817149072373539
1068,2.257764915359472,6.071285524519363,3.8135206091598906
3581,0.4397317416510057,4.251328115743277,3.8115963740922716
2043,0.5348625775399832,4.343076279214591,3.8082137016746076
2240,0.21473896689083,4.021423931672194,3.806684964781364
2633,2.3320714235741327,6.138676334002811,3.8066049104286788
1995,0.2146157050944131,4.017394462896222,3.802778757801809
3081,0.6021809244817528,4.404455259937713,3.80227433545596
422,1.2387317638977258,5.029996009275131,3.7912642453774046
657,0.913827168180307,4.690349365015329,3.7765221968350224
969,0.5267213252910512,4.30072679138034,3.7740054660892888
867,0.0,3.7706434238796764,3.7706434238796764
461,1.126119785361569,4.894716998126438,3.7685972127648695
3011,0.3978066574287702,4.159431936545231,3.761625279116461
80,1.033584299584858,4.790651662387214,3.757067362802356
3628,0.0183221559021252,3.7719317562748156,3.75360960037269
76,0.6965459410245785,4.44566224045982,3.749116299435241
598,1.505525700118544,5.249763523889774,3.74423782377123
1226,0.6084599511026371,4.350682218357916,3.7422222672552787
2819,0.0,3.7378477126145926,3.7378477126145926
2093,0.0,3.7348739781244378,3.7348739781244378
3129,0.0582755733369437,3.786291284374961,3.7280157110380174
3086,0.5730431378132809,4.299307700124581,3.7262645623113
2377,0.9583011237677844,4.681957103061723,3.7236559792939388
208,0.4686507371702517,4.191572137881512,3.7229214007112605
3297,1.1330220678552947,4.846947191600117,3.7139251237448225
1175,0.3866255939298003,4.096968734308248,3.710343140378448
864,0.0,3.7097617568125316,3.7097617568125316
1813,1.3495983434183916,5.038792541744078,3.689194198325686
1272,0.4343661837238645,4.117719511031525,3.6833533273076604
51,3.741125780019108,7.417269936630962,3.6761441566118545
93,1.5840802852333158,5.2560905258060995,3.6720102405727837
1780,1.4503146377033462,5.117419886858524,3.667105249155178
233,0.6769399536903642,4.343945708492669,3.6670057548023047
3310,0.4260432904523986,4.090406906373384,3.6643636159209856
2947,2.5053915974487477,6.16633411017213,3.6609425127233823
1192,0.4964864184344431,4.154539924192676,3.658053505758233
438,0.6756718712169414,4.332827688168962,3.65715581695202
3354,4.105508071632207,7.760145682535427,3.6546376109032197
3540,1.2882533717646352,4.931627104502276,3.6433737327376408
3482,3.6739077639213664,7.3152199758405505,3.641312211919184
705,1.5078148274975065,5.147234958203863,3.6394201307063563
1580,2.439526239076036,6.057004445607724,3.617478206531688
3260,3.978511279364026,7.59078211754481,3.6122708381807844
2097,0.0,3.6122277955495976,3.6122277955495976
1057,0.4478211402365892,4.056910622726831,3.609089482490242
187,2.759832118891484,6.368309876120783,3.608477757229299
3214,1.4641335397399469,5.070951002548213,3.6068174628082663
175,2.08289216520112,5.687602765263884,3.6047106000627642
2223,0.21473896689083,3.815484041050429,3.6007450741595988
2768,1.062755115083453,4.661234003281518,3.5984788881980645
1292,0.470563365700853,4.065038602094287,3.594475236393434
2359,0.4791505618838922,4.071304713823032,3.5921541519391402
1694,9.345386869332248,12.933595868707181,3.588208999374933
3493,1.3836795474509045,4.966731691298676,3.583052143847772
2514,3.9839071120604928,7.555425824006273,3.57151871194578
2498,3.9839071120604928,7.554329953587013,3.5704228415265202
111,0.6740767171205598,4.237760425623011,3.5636837085024515
1149,2.036650669662994,5.59908347798975,3.5624328083267565
889,0.1504918072260146,3.708496961579701,3.5580051543536864
1289,0.1809859098849432,3.736198274263405,3.5552123643784617
3274,6.430805618009732,9.979549977497086,3.5487443594873547
3283,0.8484731467044216,4.396447248643846,3.5479741019394244
48,2.7861837640983143,6.333675740689571,3.547491976591257
1961,1.6783618812461552,5.225573086722896,3.5472112054767413
1288,0.5067605476778417,4.050584630355364,3.5438240826775225
816,0.3434795474244783,3.881432030357255,3.537952482932777
3244,5.768582674240427,9.305056257396108,3.536473583155681
3468,2.5765067435292703,6.110988075899616,3.534481332370346
644,0.4328655007169871,3.9670196075948563,3.5341541068778692
88,1.460499553761213,4.993372956034829,3.5328734022736157
2157,0.0,3.531104654645652,3.531104654645652
3172,0.1359763377862022,3.667064121611105,3.531087783824903
746,0.0,3.526185318839951,3.526185318839951
3146,0.4564919911393931,3.98226882940419,3.525776838264797
1340,0.3076760468044038,3.833171214992236,3.5254951681878324
3218,2.6851070923146025,6.210445067329601,3.525337975014999
31,0.3258037466082705,3.8433216705910307,3.5175179239827603
2577,0.5830178558935332,4.0994473590051586,3.5164295031116253
564,1.0753755000846736,4.590700648840318,3.515325148755645
631,0.4160318423557709,3.928166814743838,3.5121349723880675
594,1.524227882728712,5.030335477312001,3.5061075945832885
842,1.288048302841795,4.784547199650979,3.496498896809184
2272,4.473728476892298,7.964349006425332,3.490620529533034
2313,2.576867602689964,6.061090590962612,3.484222988272648
3246,4.702817624111702,8.182362808738384,3.479545184626682
3014,1.4753094580139836,4.950196330584401,3.4748868725704174
2781,1.0397766261086758,4.509978103826102,3.470201477717426
1146,3.650759706615823,7.115505362089282,3.464745655473459
697,1.843285590553172,5.295591815571684,3.452306225018512
3497,0.3817047027450768,3.8292819009774544,3.4475771982323775
1718,2.722752362806548,6.170046761355799,3.447294398549251
2045,3.799368654249539,7.22865838437782,3.4292897301282808
3100,3.8170500535698206,7.237902093615245,3.4208520400454248
912,2.3326230120032267,5.752161025178383,3.4195380131751563
2648,0.0,3.4105833838322663,3.4105833838322663
1765,0.7654438365656548,4.173977810904814,3.4085339743391594
565,0.0280532739152522,3.436352430513124,3.408299156597872
7,0.348272970512289,3.7498958227564807,3.401622852244192
2367,2.2360359554581635,5.636276783870327,3.400240828412164
3355,4.967277454592742,8.366640220303314,3.3993627657105714
430,0.9008958282892552,4.297778790829209,3.396882962539954
605,0.6358742087457203,4.031669938662027,3.3957957299163066
847,0.5495672758791659,3.9392290892596367,3.389661813380471
3595,2.65671260580816,6.04497688991003,3.3882642841018704
2236,0.0357898278151383,3.4219675620146868,3.3861777341995483
1991,0.0670674078420039,3.4529005766242076,3.3858331687822036
3156,3.3896958490989,6.772699919559615,3.383004070460715
3179,0.670169093374854,4.051900374646363,3.3817312812715086
794,0.3950014795381503,3.7767302229157482,3.381728743377598
1442,0.7531170131717936,4.134447204357546,3.3813301911857523
2319,0.7157965563027676,4.089342373992494,3.3735458176897266
2230,0.0357898278151383,3.4092246974887574,3.373434869673619
2170,0.0,3.3688819545213247,3.3688819545213247
1749,0.0201432588569909,3.387475143565456,3.3673318847084652
3048,1.535902525039558,4.902114395540519,3.366211870500961
2325,1.2168541457147048,4.580878702675832,3.3640245569611276
2878,0.7079540500560773,4.0630126988070465,3.355058648750969
2309,0.5368474172270757,3.8918892777745335,3.3550418605474577
332,9.609461694642956,12.964411732707593,3.3549500380646364
2874,0.2980859158130851,3.652306069742895,3.35422015392981
2069,0.3202468724455701,3.6710157483866195,3.3507688759410494
3121,3.360558062430427,6.708293760932047,3.3477356985016202
2149,0.0,3.3476125172080207,3.3476125172080207
807,0.4121754569093742,3.754892153147343,3.342716696237969
1467,1.4052242494290272,4.747867405130879,3.342643155701852
925,2.934590240907285,6.274296086828599,3.3397058459213143
3539,1.0019748447058274,4.337709940284432,3.3357350955786043
1044,5.084635863102944,8.41910643123449,3.334470568131545
2189,0.0,3.321047016083888,3.321047016083888
561,0.1028620043559251,3.4226007349808807,3.3197387306249557
3268,4.868373360054028,8.187243511617282,3.318870151563254
871,0.1504918072260146,3.4645873281504276,3.314095520924413
1937,0.0,3.313359994991252,3.313359994991252
2439,0.4791505618838921,3.783771588193143,3.304621026309251
1656,6.909240018400073,10.211237008910906,3.3019969905108333
798,0.1717397737122392,3.461464878615893,3.2897251049036536
2585,0.3886785705956888,3.675117159579676,3.2864385889839873
790,0.3434795474244785,3.620710819134429,3.2772312717099505
2251,3.5431929536987,6.804854726574282,3.2616617728755823
2543,2.9879303340453696,6.249250017075136,3.2613196830297664
3415,0.6681133418458073,3.92358289773293,3.2554695558871227
1084,5.980278143576122,9.23338299985825,3.2531048562821283
22,0.3595075824642985,3.6083774693934894,3.248869886929191
1728,0.0402865177139818,3.2882010151367624,3.2479144974227805
3176,0.6216061155940675,3.868334019891345,3.2467279042972774
879,0.3762295180650365,3.6212381940043024,3.245008675939266
907,1.8811475903251829,5.10898111054606,3.2278335202208774
2131,0.0,3.2241653881246655,3.2241653881246655
3466,12.166837399999332,8.946263337898014,3.220574062101319
3543,1.2405402839215005,4.453833836438041,3.2132935525165403
1963,2.265201699863692,5.477694094815616,3.212492394951924
3624,0.9893964187147628,4.195346763495442,3.205950344780679
1178,0.2535249796260982,3.4591837058864603,3.205658726260362
1811,2.014325885699092,5.2198954228461325,3.2055695371470403
44,1.426795717905185,4.629426893798797,3.2026311758936123
1003,0.0093296070882622,3.1846858858748766,3.1753562787866145
2567,0.891137117171426,4.064450519015247,3.1733134018438207
2399,2.2360359554581635,5.408159379437486,3.172123423979323
3473,2.9104983584312127,6.080427487584894,3.169929129153681
3535,2.6242198313724048,5.78985980938581,3.165639978013405
2382,2.0763191014968663,5.233901310489365,3.157582208992499
1315,0.2895774558159096,3.4394518699885,3.1498744141725905
654,2.943485404875515,6.092416720394313,3.1489313155187983
1891,0.27462417681403,3.4221988526465816,3.147574675832552
2606,0.5830178558935332,3.7301957919288995,3.147177936035366
554,3.2915841393896117,6.432176152400174,3.1405920130105627
2876,0.1676733276448604,3.307303631828816,3.1396303041839557
3462,2.5287936556861355,5.665326843915771,3.136533188229636
857,0.1504918072260146,3.2867926365761786,3.136300829350164
3132,0.1748267200108313,3.290990371984706,3.1161636519738747
3007,2.1339297517702263,5.247854753465845,3.1139250016956184
1650,8.51627806712424,11.62990696283128,3.1136288957070395
0,0.1572845673281306,3.26846121385731,3.1111766465291795
2285,1.7537015629417805,4.864627153206959,3.110925590265178
978,0.7524590361300731,3.856562414953091,3.1041033788230177
948,2.9345902409072853,6.0266268205604465,3.0920365796531613
14,0.3819768063683172,3.473687262098549,3.0917104557302317
859,0.4514754216780438,3.5415014736947925,3.0900260520167486
2564,0.5766181346403344,3.664257069992959,3.087638935352625
2677,2.915089279467666,6.000384535535872,3.085295256068206
785,0.2060877284546871,3.289863469748752,3.083775741294065
3503,1.2405402839215005,4.3235749619259725,3.0830346780044717
2530,2.673411351514277,5.741998028929158,3.0685866774148813
802,0.1373918189697913,3.2006421485913146,3.0632503296215234
3235,4.971845695017984,8.031851675931245,3.060005980913261
2350,0.798584269806487,3.8571571972779033,3.0585729274714164
3532,0.3339916149019424,3.382286194215113,3.0482945793131706
371,0.3378359356084707,3.379730856479025,3.041894920870554
1110,2.197216490092856,5.235939639292748,3.0387231491998916
1370,1.4646417652611214,4.501869555270087,3.0372277900089655
3338,0.9392317994064248,3.972780595498186,3.033548796091761
3661,1.081007198225389,4.112554121203013,3.031546922977624
3659,0.3664431180425048,3.385026843569398,3.0185837255268932
368,0.1126119785361569,3.1282270502219003,3.0156150716857435
3389,0.493822904842553,3.5066684396030796,3.0128455347605265
521,0.9257580392033278,3.935578428274475,3.0098203890711472
682,0.5290578342096514,3.534012892730348,3.0049550585206966
3498,0.3339916149019423,3.3367051992454373,3.002713584343495
1726,0.8258736131366275,3.8271612863436655,3.001287673207038
443,1.3513437424338828,4.352473738505102,3.0011299960712194
3205,0.8329522964598284,3.8295571806289344,2.996604884169106
2962,0.1238206152261734,3.111150309999201,2.9873296947730275
1061,1.4927371341219648,4.473563082505327,2.9808259483833623
601,0.4488523826440379,3.4278120398005214,2.9789596571564836
1052,1.1475416718562603,4.1264357357102295,2.978894063853969
1426,1.1972629440166975,4.173227920292879,2.9759649762761815
1094,1.5393851695632763,4.511290242032619,2.971905072469342
734,0.2272543878764183,3.1929082494963223,2.965653861619904
700,0.4208414590304043,3.3807414701930982,2.959900011162694
511,0.0561065478305046,3.013784134640537,2.9576775868100325
3623,0.1282550913148766,3.0826279480087155,2.9543728566938388
1097,1.427429884504129,4.378451557167784,2.951021672663655
2770,0.4480805350081586,3.3894020734147605,2.941321538406602
203,0.3818635636202051,3.3122055245425095,2.9303419609223043
999,0.0653072496178354,2.992324919406684,2.9270176697888486
2730,1.2121152934195063,4.1355013043540385,2.923386010934532
1281,0.162887318896449,3.085378639474092,2.922491320577643
2337,1.9166022475355688,4.829054380326381,2.912452132790812
2484,0.0,2.909775346602796,2.909775346602796
1909,0.0,2.9020597517924087,2.9020597517924087
621,1.757914894578433,4.648873136847103,2.8909582422686695
2179,2.580844968642734,5.464682074201035,2.8838371055583014
351,9.192284465384503,12.074474120574045,2.882189655189542
893,0.0752459036130073,2.954652982666759,2.8794070790537516
3313,1.5008343186391322,4.371929045114888,2.8710947264757554
665,4.90580900812586,7.775658894467078,2.8698498863412185
655,3.866931806405089,6.73460932293732,2.8676775165322312
1298,0.1085915459309659,2.9734859123496213,2.8648943664186555
2866,0.1490429579065426,3.01324629794022,2.8642033400336775
3448,0.0477130878431346,2.902161815953521,2.8544487281103867
2721,0.7640347584113474,3.616175458977268,2.8521407005659203
1731,0.4028651771398183,3.2519249875781036,2.8490598104382854
2696,0.6433976912937664,3.48754484167812,2.8441471503843534
1938,0.0,2.8414537323279943,2.8414537323279943
3097,1.3112004000812356,4.150479128655768,2.839278728574532
3454,0.0954261756862692,2.9153923968889845,2.8199662212027152
1391,1.8062924812956629,4.624951193071523,2.8186587117758597
2412,2.715186517342056,5.531088818285111,2.8159023009430553
1221,0.6422632817194502,3.457540698155582,2.815277416436132
1235,0.0,2.8075498808789194,2.8075498808789194
3450,0.1431392635294038,2.949797623964963,2.8066583604355593
3130,3.3217076802057983,6.124136031254922,2.802428351049124
376,0.1126119785361569,2.9138353961236794,2.8012234175875226
1123,2.0155235880274853,4.8159773603838865,2.800453772356401
1783,2.880486016549701,5.680402203365528,2.799916186815827
194,0.3731848462652006,3.172145859109525,2.798961012844324
2529,0.8911371171714257,3.684302731041265,2.7931656138698395
551,5.554548235219969,8.334829600232224,2.7802813650122546
439,0.9008958282892552,3.675806073870453,2.774910245581198
69,0.6066690454085037,3.369225012508535,2.762555967100031
120,0.4269152541763545,3.1869731507678,2.7600578965914457
3178,0.6507439022625394,3.4091593042717596,2.75841540200922
408,0.6756718712169414,3.4331388489356263,2.7574669777186847
3147,2.9720542401841348,5.729153565960239,2.757099325776104
2276,2.4337082914294097,5.179733376325785,2.7460250848963756
2138,2.580844968642734,5.32495239547507,2.744107426832336
2110,0.0,2.74279824636775,2.74279824636775
2441,0.1597168539612974,2.9006688534967564,2.740951999535459
507,0.0748087304406728,2.815328120652342,2.740519390211669
3173,0.4273542044709214,3.1591525811364463,2.731798376665525
2978,6.017155003757033,8.746708208163666,2.729553204406633
3414,0.7939897685703796,3.5213143843763843,2.7273246158060047
413,1.3513437424338828,4.072399645344305,2.721055902910422
1760,0.6244410245667185,3.3436946583106524,2.719253633743934
3253,2.545419440113265,5.26332812529612,2.717908685182855
2227,0.0357898278151383,2.753441525557302,2.7176516977421636
2553,0.891137117171426,3.6002631838972388,2.709126066725813
3209,1.4537863062435514,4.16163925579737,2.7078529495538186
679,2.902603663141133,5.60693651499136,2.7043328518502268
1736,1.4301713788463553,4.127533077497756,2.697361698651401
87,0.752719000784625,3.448421218064045,2.69570221727942
3125,3.467396613548158,6.161289825005229,2.6938932114570706
1657,7.042306863198891,9.736048537669996,2.693741674471105
2095,0.0,2.6892521825419977,2.6892521825419977
610,1.0436868183954031,3.7317751294423855,2.6880883110469824
2483,0.0524198304218485,2.7388010020407956,2.686381171618947
3044,1.746661019041556,4.427333770936688,2.680672751895132
2820,0.0,2.666876201247191,2.666876201247191
1220,0.6443759898830012,3.3099802980569386,2.6656043081739376
2398,0.6388674158451896,3.3042400578480695,2.66537264200288
3021,4.915941872596596,7.578534801018998,2.662592928422402
3569,0.0,2.658942477632852,2.658942477632852
2536,1.625014743077306,4.279234252361512,2.654219509284206
3376,0.1646076349475173,2.8159561239572786,2.651348489009761
3270,11.444040247013298,8.796764797320145,2.6472754496931525
3648,0.6779197683786339,3.325132851152878,2.647213082774244
2812,0.1263816893612755,2.7723003130245365,2.645918623663261
1222,0.657052238864306,3.3024926692569343,2.6454404303926284
2725,0.8042471141172081,3.4489217237831498,2.644674609665942
2575,1.3603749970849108,4.004616150532757,2.6442411534478465
2828,0.8383666382243019,3.4804284850421454,2.6420618468178434
1128,1.588756538990219,4.223018048861331,2.634261509871112
602,0.9725134957287488,3.5867274293253932,2.6142139335966443
811,0.2060877284546869,2.8073229603739684,2.6012352319192815
1053,1.0542456009736374,3.6507218226471116,2.5964762216734742
937,2.5583607228422487,5.154636097770373,2.5962753749281244
479,0.4504479141446276,3.041036966398872,2.5905890522542445
1808,0.6042977657097276,3.194588180139285,2.5902904144295573
240,0.7984419966604296,3.385012042602911,2.5865700459424814
789,0.7384810269626292,3.3219297795811027,2.5834487526184735
3664,1.355839536757268,3.938979905003001,2.5831403682457332
744,0.4465234116518223,3.0292874141120816,2.582764002460259
810,0.772828981705077,3.3494482032566806,2.5766192215516037
402,0.1126119785361569,2.688151082152109,2.5755391036159523
2086,0.0,2.5685626405206436,2.5685626405206436
2194,0.0,2.5570067525346296,2.5570067525346296
2658,0.7773571411913776,3.329516191880259,2.5521590506888816
964,1.7306557830991682,4.276833500726498,2.54617771762733
1830,1.5711741908452914,4.115968312822961,2.5447941219776693
787,3.5721872932145784,6.114850186769758,2.542662893555179
2113,0.0,2.5408176561968485,2.5408176561968485
1157,7.164193382600843,9.70456152947086,2.5403681468700174
2347,1.7568853935742714,4.292848288661444,2.535962895087173
940,0.5267213252910511,3.062604460904447,2.5358831356133957
2512,4.403265755435281,6.938212448839915,2.534946693404634
70,0.5055575378404196,3.0339622664334804,2.5284047285930606
2698,1.2925400048312272,3.817787192177833,2.5252471873466056
2316,5.332684344455618,7.843739920211249,2.5110555757556305
2369,4.472071910916327,6.98130927512519,2.509237364208863
1089,4.198323189718026,6.707432917991808,2.5091097282737813
468,3.7161952916931775,6.219630200131521,2.503434908438343
926,1.0534426505821022,3.5494289923292066,2.4959863417471047
370,0.1126119785361569,2.5966972933790813,2.4840853148429245
1837,0.0,2.482717843348353,2.482717843348353
2254,6.656907973615739,9.139607362904677,2.482699389288938
1800,0.5841545068527366,3.062509622553553,2.4783551157008166
1188,1.3098790614015103,3.780606007087245,2.470726945685735
2338,2.0763191014968663,4.545025017198229,2.468705915701363
3593,6.797519839688464,9.259978873279453,2.4624590335909886
239,0.6769399536903642,3.138890412568436,2.4619504588780714
195,0.2430040859401305,2.7030848766072983,2.460080790667168
921,4.289016505941417,6.7325284074966465,2.4435119015552296
1912,0.0,2.439545121136166,2.439545121136166
1236,0.1628873188964491,2.5989243212428597,2.4360370023464104
1395,3.0109826147913727,5.445623483955418,2.4346408691640455
2650,0.7773571411913776,3.198633160425826,2.4212760192344485
3439,3.769333939607636,6.187507752814771,2.4181738132071344
1475,0.9655346322715304,3.3776972502912743,2.412162618019744
3337,0.1065108226130994,2.5098530535274906,2.403342230914391
3647,1.15429582183389,3.5499645194533667,2.3956686976194765
238,0.5554379107202987,2.942648989838328,2.387211079118029
2609,1.1660357117870663,3.5275968488055223,2.361561137018456
3267,4.278581050759493,6.638740758879392,2.360159708119899
102,0.2134576270881772,2.570543347618603,2.3570857205304256
1132,2.23313252887322,4.588938260275002,2.3558057314017824
1967,3.648466986605028,5.998428858902839,2.3499618722978113
506,3.282233048084527,5.619529331908703,2.337296283824176
366,0.1126119785361569,2.4406808168055054,2.3280688382693486
932,3.009836144520292,5.330585841818785,2.3207496972984925
3326,1.316861079580142,3.6291417693921266,2.3122806898119848
1744,0.3021488828548637,2.61179257260292,2.3096436897480563
1213,0.2915537265700136,2.5995684647165143,2.308014738146501
2104,0.0,2.3078722211778757,2.3078722211778757
1242,1.158309823263639,3.453891733164134,2.295581909900495
3604,5.166847964399318,7.427503191700119,2.2606552273008003
3321,2.0043400255374224,4.262727156183035,2.258387130645613
3006,3.329984205231563,5.58794460724638,2.2579604020148167
1739,1.2085955314194552,3.4493342269372276,2.2407386955177726
650,1.7819629779515989,4.002856212926991,2.2208932349753923
1805,2.7797697222647466,4.998305881641915,2.2185361593771686
2117,0.0,2.2179474722798105,2.2179474722798105
695,0.2657313212734836,2.483364255722499,2.2176329344490155
73,0.1685191792801397,2.3675525722854114,2.199033393005272
2594,1.1660357117870663,3.3565459039717904,2.190510192184724
3423,0.7455757582916981,2.9292246409599487,2.1836488826682507
976,0.6772131325170658,2.851759570239315,2.174546437722249
2186,2.580844968642734,4.752278223489281,2.171433254846547
1803,0.3021488828548638,2.4734354746431886,2.171286591788325
927,0.9781967469690948,3.1382389474105827,2.160042200441488
3325,1.9365604111472676,4.085471241922086,2.1489108307748186
2096,0.0,2.14386849847999,2.14386849847999
544,11.268065022626368,9.125383476807803,2.142681545818565
3046,4.470714554017376,6.609893584807594,2.139179030790218
3418,0.6777961439015436,2.809548525419954,2.1317523815184103
549,10.763106092151824,8.633789128808289,2.129316963343536
486,3.3476906872201155,5.43070813941074,2.0830174521906244
2645,0.0,2.075813543236538,2.075813543236538
1187,1.483121130812678,3.5562825059170597,2.073161375104382
3089,0.2233896977916179,2.292387380926072,2.0689976831344543
3449,0.1908523513725384,2.250622486043406,2.0597701346708677
1106,2.53947521258809,4.595739547511098,2.0562643349230076
2516,4.560525246700827,6.614151301988967,2.05362605528814
229,0.3297912594901774,2.383065500049846,2.0532742405596687
3420,0.745575758291698,2.7860738945874632,2.0404981362957653
1237,0.1628873188964491,2.203321891169513,2.040434572273064
2822,0.0558911092149534,2.095110453236418,2.0392193440214648
108,0.2022230151361679,2.235596079422553,2.033373064286385
651,1.2204402311881732,3.249823900244629,2.0293836690564557
2525,3.931487281638643,5.956793207226857,2.0253059255882144
1665,11.423276830421454,9.398434668648868,2.024842161772586
1135,0.8049418103128635,2.8170876736683463,2.012145863355483
3475,7.347815527842734,9.358631554322914,2.01081602648018
729,0.3390779755616403,2.3481881708016186,2.009110195239978
2364,1.597168539612974,3.6019805284728887,2.004811988859915
532,4.26409763511836,6.267805918123084,2.003708283004724
166,3.4975230940668816,5.492807888988556,1.995284794921674
691,0.0480961667463313,2.038864482635289,1.9907683158889575
3079,0.1262637422300449,2.110421283859739,1.984157541629694
2772,0.6836100469996267,2.6634715444664825,1.9798614974668558
1588,5.297961024256037,7.2666451470936,1.9686841228375629
2835,0.0,1.959078844798321,1.959078844798321
1775,2.5581938748378463,4.513994313929411,1.9558004390915644
2856,0.2049340671214959,2.1587965963336746,1.9538625292121787
1270,0.0361971819769886,1.972325700418218,1.9361285184412294
3290,4.211324033032922,6.112539638116498,1.9012156050835767
2928,0.0372607394766356,1.9155618034990178,1.8783010640223823
2431,0.1597168539612974,2.035793795455893,1.8760769414945957
736,0.2747836379395826,2.1455148681984855,1.8707312302589028
2823,0.1117822184299068,1.9820543172274618,1.870272098797555
2168,0.0,1.8638083850553016,1.8638083850553016
1361,3.357089644513321,5.217696881538549,1.8606072370252278
3339,1.6460763494751776,3.5040765243051015,1.858000174829924
33,0.1685191792801399,2.0256786683667642,1.8571594890866243
2855,0.0558911092149534,1.910339929391274,1.8544488201763205
1228,0.0904929549424717,1.9363824200223645,1.8458894650798927
2610,2.1377321382762884,3.9798934358514346,1.8421612975751462
17,0.0449384478080372,1.88704469295989,1.8421062451518528
2292,3.793721748404668,5.632669268291922,1.8389475198872538
1653,7.195845530274447,9.026785928287168,1.8309403980127215
742,0.3606535247957023,2.187545580352838,1.8268920555571355
2775,0.2527633787225508,2.072177100482553,1.8194137217600022
3333,0.0968280205573631,1.9128389398416434,1.8160109192842804
45,2.898529883618408,4.708593016770947,1.8100631331525388
1864,0.0,-1.804645909712999,1.804645909712999
2358,0.0,1.8010901291041415,1.8010901291041415
3039,1.9626884753936036,3.761747283858319,1.7990588084647152
1134,0.6464886980465516,2.4406715983666665,1.7941829003201148
1263,0.1990845008734378,1.9832691936286642,1.7841846927552263
3330,2.178630462540676,3.962351364291259,1.7837209017505828
1847,0.0,1.7825106265039137,1.7825106265039137
721,0.0733466542881562,1.8480116807396494,1.7746650264514932
2706,1.8325344957384957,3.6052301470630237,1.772695651324528
2597,0.0,1.7659997392866396,1.7659997392866396
478,0.6756718712169414,2.4315501398613275,1.7558782686443861
3265,6.115214996369673,7.867055023726117,1.7518400273564438
32,2.134576270881773,3.879428790367165,1.7448525194853919
727,0.137074075227046,1.844900364862639,1.707826289635593
567,5.002833848220006,6.703469597257399,1.7006357490373931
450,0.5630598926807845,2.2605797465451762,1.6975198538643919
2471,0.0,1.6892214102798353,1.6892214102798353
2475,0.0,1.6867283315484558,1.6867283315484558
874,0.2257377108390219,1.909902110023711,1.684164399184689
141,0.3992209983302144,2.0754608153659753,1.6762398170357609
2807,0.0574462224369434,1.72403001545261,1.6665837930156666
1425,1.455729137886307,3.1084318702623124,1.6527027323760053
139,2.985478770121606,4.637505475638233,1.6520267055166267
1778,3.686216370829338,5.334160046136553,1.6479436753072152
1398,6.215072156037052,7.840939912543243,1.6258677565061914
805,0.1373918189697913,1.7593121064726953,1.621920287502904
1377,0.2302428738493648,1.8339418068434055,1.6036989329940408
149,3.1764105519317085,4.775580695085459,1.5991701431537506
949,5.492950963749533,7.079931809113443,1.58698084536391
965,0.5267213252910512,2.105705610748198,1.578984285457147
2851,0.2235644368598139,1.790242646858295,1.566678209998481
1138,1.732420694111675,3.296396322270348,1.5639756281586727
637,0.0360721250597484,1.5983928371952394,1.562320712135491
2446,0.9583011237677844,2.5187209546289977,1.5604198308612132
152,3.1503743998666947,4.6838759206542,1.5335015207875058
432,0.9008958282892552,2.4258257644201584,1.5249299361309032
30,0.0112346119520093,1.530234554383385,1.5189999424313758
887,0.0,1.5104621340555155,1.5104621340555155
2726,0.1436155560923582,1.6483800175019323,1.504764461409574
2348,0.0,1.504351511768145,1.504351511768145
26,0.0449384478080372,1.5428100048887419,1.4978715570807046
881,0.0,1.4929655729901312,1.4929655729901312
2003,7.702691790654184,9.194572405964282,1.491880615310098
2509,5.032303720497464,6.522043341264457,1.4897396207669926
124,2.855298009796536,4.33904643409082,1.483748424294284
2588,0.5830178558935332,2.06295288638378,1.4799350304902466
1116,7.555044392857745,6.085311679830738,1.4697327130270068
2591,0.0,1.4674496829265897,1.4674496829265897
2357,0.0,1.4624086029510472,1.4624086029510472
2653,1.1660357117870663,2.615408162939128,1.4493724511520616
1904,0.0,1.4403355056628702,1.4403355056628702
3332,0.1839732390589901,1.5940588472536197,1.4100856081946296
2903,0.1676733276448604,1.5756287129879518,1.4079553853430915
812,0.206087728454687,1.6105041120198296,1.4044163835651426
1754,0.1611460708559272,1.5649149734573253,1.4037689026013982
1795,0.2014325885699092,1.5958373130603933,1.3944047244904842
2519,3.145189825310915,4.53855053017044,1.393360704859525
3413,1.77195277619975,3.1604575913265816,1.3885048151268315
2164,0.0,1.37865392109649,1.37865392109649
2715,1.861257606956967,3.213893013935026,1.352635406978059
3080,0.3302282489093482,1.6533289336433608,1.3231006847340125
1829,0.0,1.3204364689895565,1.3204364689895565
3047,3.949087281362432,5.2422251705751925,1.2931378892127605
436,0.1126119785361569,1.397050481541934,1.2844385030057772
2195,0.0,1.272208654248236,1.272208654248236
2937,0.4098681342429922,1.674542057421858,1.2646739231788657
642,0.0372745292284067,1.2866414885448687,1.249366959316462
1835,0.0,1.2287612252734217,1.2287612252734217
1861,0.0,1.2211259163147006,1.2211259163147006
135,3.167731834576704,4.385309010437359,1.2175771758606548
1849,0.0,1.2058378361355127,1.2058378361355127
1117,5.040921678232264,6.236616315156905,1.1956946369246406
29,0.0224692239040186,1.197625095079108,1.1751558711750896
1867,0.0,-1.1548383169298657,1.1548383169298657
1747,-0.0201432588569909,1.124734139588845,1.144877398445836
1947,0.0,-1.140812224919673,1.140812224919673
1873,0.0,-1.1346970826492662,1.1346970826492662
2933,0.0,1.118887146664723,1.118887146664723
2852,0.0745214789532712,1.1930226261507921,1.118501147197521
818,0.2404356831971348,1.354248543342919,1.1138128601457842
2893,0.0,1.113770434815951,1.113770434815951
3611,6.229533006722583,7.3274000874159775,1.0978670806933941
3620,5.661546173756699,6.730797891023201,1.0692517172665017
2155,0.0,1.0487651026144924,1.0487651026144924
157,2.9681213354115963,4.0143232449601225,1.0462019095485262
449,1.126119785361569,2.169656359912256,1.0435365745506868
471,0.0,1.043047759378976,1.043047759378976
1352,0.3981690017468758,1.4269576086001894,1.0287886068533136
1846,0.0,1.0206576178785594,1.0206576178785594
144,3.072265943671653,4.081613108726295,1.0093471650546415
1850,0.27462417681403,1.2764394233752039,1.0018152465611738
433,1.013507806825412,2.012566543356698,0.999058736531286
2709,0.8214809808482909,1.8100492928828678,0.9885683120345768
2174,2.580844968642734,3.568892157942755,0.9880471893000209
2717,0.0976585781428035,1.0847170060680802,0.9870584279252766
134,3.844671788267068,4.819444440898131,0.9747726526310632
2185,0.0,0.9725581277352714,0.9725581277352714
3328,0.2904840616720898,1.2621133714836317,0.9716293098115418
465,0.1126119785361569,1.0718225732103108,0.9592105946741539
2679,0.7773571411913776,1.7291563528018554,0.9517992116104779
162,7.784809467439189,6.846607166256591,0.9382023011825975
3469,5.153013487058541,6.090971488940166,0.9379580018816256
1844,0.0,0.9306666503363465,0.9306666503363465
1745,0.1410028119989363,1.0716194491356401,0.9306166371367038
817,0.1030438642273433,1.0251870639122205,0.9221431996848772
1957,0.0,0.9213304300180312,0.9213304300180312
2545,9.854928119307534,8.954376352491183,0.900551766816351
1871,0.27462417681403,1.1353828131372676,0.8607586363232376
1882,0.27462417681403,1.1196647125622845,0.8450405357482544
2297,7.014806251767123,7.817121485875925,0.8023152341088018
25,0.0449384478080372,0.8435011456886689,0.7985626978806316
3319,3.4858087400650817,2.6981276775539462,0.7876810625111355
1972,6.3060130223444455,7.065455849794175,0.7594428274497291
756,0.0686959094848956,-0.6581322989464993,0.7268282084313948
1741,0.181289329712918,0.877677600663964,0.696388270951046
3275,9.77813565409364,10.45663541005348,0.6784997559598391
2091,2.580844968642734,3.2535193180341038,0.6726743493913698
538,9.304335848558702,9.95583684139161,0.6515009928329079
1732,5.559539444529493,4.920732153327684,0.6388072912018092
1313,0.162887318896449,0.796599078371377,0.633711759474928
1738,0.8661601308506094,1.492598089164565,0.6264379583139555
1876,0.0,-0.6128349359346532,0.6128349359346532
1351,0.3257746377928985,0.9155799959790705,0.589805358186172
2099,0.0,0.5888542416120945,0.5888542416120945
2934,0.85699700796262,1.4367746722992916,0.5797776643366715
1587,8.427454280444486,9.007061914842831,0.5796076343983447
2119,2.580844968642734,3.080593968747851,0.49974900010511725
442,2.477463527795452,2.952311484606418,0.47484795681096603
2103,0.0,-0.46985762320819635,0.46985762320819635
1926,0.0,0.44666439096926336,0.44666439096926336
3315,5.286809922432041,5.727441796301914,0.4406318738698731
543,10.202040613846778,9.771605470994361,0.43043514285241713
393,0.0,0.4130474771992656,0.4130474771992656
2718,0.0287231112184715,0.4361939206874661,0.4074708094689946
809,0.0343479547424478,0.44075476654725,0.4064068118048022
387,0.0,0.3996015004118729,0.3996015004118729
1877,0.0,-0.39381950658046216,0.39381950658046216
2832,0.0558911092149534,0.44946903525930737,0.393577926044354
1345,0.2171830918619323,-0.14425562787751622,0.3614387197394485
1251,0.0361971819769886,-0.3214309021487991,0.3576280841257877
3606,8.025104285130856,7.6694493277663245,0.355654957364532
2714,0.0919139558991092,0.43124581408368945,0.3393318581845802
764,0.0171739773712239,-0.32211409669062263,0.3392880740618465
1866,0.0,0.33333994005373047,0.33333994005373047
2840,0.0558911092149534,-0.27179666209692943,0.3276877713118828
2929,0.7824755290093487,0.4630804132248634,0.3193951157844853
1956,0.0,-0.30710036324837287,0.30710036324837287
1309,0.108591545930966,0.40879208329826455,0.30020053736729857
755,0.0515219321136716,-0.20322163686696237,0.254743568980634
2171,2.580844968642734,2.8301608676730288,0.24931589903029483
1960,0.0,-0.24430878629764408,0.24430878629764408
1952,0.0,0.24322290568679028,0.24322290568679028
1334,0.0,-0.24140609972042348,0.24140609972042348
1954,0.27462417681403,0.03772425540212576,0.23689992141190425
1114,5.788820368129256,5.566441872214311,0.22237849591494552
1338,0.9592253223902012,0.7394194228979485,0.2198058994922527
752,0.2060877284546871,0.4017547379247759,0.1956670094700888
3470,14.075360913724715,13.880687165641866,0.19467374808284887
2890,0.0372607394766356,0.18494844771055519,0.14768770823391958
2894,0.0558911092149534,0.199461850781955,0.14357074156700161
1255,0.0,-0.1309728644314374,0.1309728644314374
1261,0.0,-0.1270324125765787,0.1270324125765787
2538,6.1331201593562845,6.255931797108076,0.12281163775179138
838,0.6354371627352856,0.7470098610576077,0.11157269832232208
2111,0.0,-0.09688205150467621,0.09688205150467621
1350,0.5610563206433252,0.6278879342467807,0.06683161360345546
2678,2.1377321382762884,2.1997198708609425,0.061987732584654065
1339,0.0361971819769887,0.09160656102611964,0.05540937904913094
759,0.0343479547424478,-0.01100409843960981,0.04535205318205761
528,7.976480883236757,8.01700444422718,0.040523560990422425
765,0.0343479547424478,0.0036499880096618753,0.030697966732785922
1742,0.4028651771398181,0.4178422011223377,0.0149770239825196
2102,0.0,-0.010904369273273984,0.010904369273273984
761,0.0343479547424478,0.04507247216468646,0.010724517422238664
3254,4.795942725579262,4.802619452556286,0.006676726977024039
